"Species","Sex","Type","Contra_Trauma_N","Contra_InfectDisease_N","Contra_NonInfectDisease_N","Contra_ChronDisease_N","Contra_deathAtBirth_N","Contra_Multiple_N","Contra_Other_N","Contra_Total_N","noContra_Trauma_N","noContra_InfectDisease_N","noContra_NonInfectDisease_N","noContra_ChronDisease_N","noContra_deathAtBirth_N","noContra_Multiple_N","noContra_Other_N","noContra_Total_N","Contra_Trauma_Low","Contra_InfectDisease_Low","Contra_NonInfectDisease_Low","Contra_ChronDisease_Low","Contra_deathAtBirth_Low","Contra_Multiple_Low","Contra_Other_Low","noContra_Trauma_Low","noContra_InfectDisease_Low","noContra_NonInfectDisease_Low","noContra_ChronDisease_Low","noContra_deathAtBirth_Low","noContra_Multiple_Low","noContra_Other_Low","Contra_Trauma_Med","Contra_InfectDisease_Med","Contra_NonInfectDisease_Med","Contra_ChronDisease_Med","Contra_deathAtBirth_Med","Contra_Multiple_Med","Contra_Other_Med","noContra_Trauma_Med","noContra_InfectDisease_Med","noContra_NonInfectDisease_Med","noContra_ChronDisease_Med","noContra_deathAtBirth_Med","noContra_Multiple_Med","noContra_Other_Med","Contra_Trauma_Upp","Contra_InfectDisease_Upp","Contra_NonInfectDisease_Upp","Contra_ChronDisease_Upp","Contra_deathAtBirth_Upp","Contra_Multiple_Upp","Contra_Other_Upp","noContra_Trauma_Upp","noContra_InfectDisease_Upp","noContra_NonInfectDisease_Upp","noContra_ChronDisease_Upp","noContra_deathAtBirth_Upp","noContra_Multiple_Upp","noContra_Other_Upp"
"Addax nasomaculatus","Female","Hormonal",1,0,3,1,1,0,4,10,18,14,21,7,15,0,149,224,NA,NA,NA,NA,NA,NA,NA,NA,NA,NA,NA,NA,NA,NA,NA,NA,NA,NA,NA,NA,NA,NA,NA,NA,NA,NA,NA,NA,NA,NA,NA,NA,NA,NA,NA,NA,NA,NA,NA,NA,NA,NA
"Addax nasomaculatus","Male","Surgical",4,2,3,1,0,0,13,23,35,14,8,4,0,0,125,186,0.111111111111111,0,0,0,NA,0,0.125,0.122926516660498,0.0522296236581949,0,0,NA,0,0.446839567609683,0.17037037037037,0,0,0,NA,0,0.2890625,0.419293331026163,0.189930580050789,0.0208333333333334,0.0520833333333334,NA,0,0.743115648690016,0.274074074074074,0.2,0.0769230769230769,0.142857142857143,NA,0,0.602683738425926,0.502046591789983,0.23996427951824,0.102430555555555,0.0900000000000001,NA,0,0.87921856590333
"Aepyceros melampus","Male","Surgical",7,9,0,0,0,0,16,32,51,20,9,1,0,0,104,185,0,0.0850661625708884,0,0,NA,0,0,0.124385569441832,0.0368734069668649,0.00740740740740742,0,NA,0,0.202270954759217,0.0857142857142859,0.121663516068053,0,0,NA,0,0.0454545454545454,0.332252655698015,0.111598123257528,0.0453848631239935,0,NA,0,0.463568402809341,0.294783542707701,0.279489603024575,0,0,NA,0,0.39536961771693,0.5331892933434,0.359585007855282,0.194320477678798,0.0588235294117647,NA,0,0.830310872333585
"Alouatta caraya","Female","Hormonal",1,3,1,2,0,0,10,17,0,6,4,1,3,0,16,30,0,0,0,0,0,0,0.209876543209877,0,0.281808035714286,0.0909090909090909,0,0.0666666666666667,0,0.301923076923077,0.142857142857143,0.222222222222222,0,0.220779220779221,0,0,0.377777777777778,0,0.476318359375,0.0909090909090909,0.142857142857143,0.265,0,0.749287749287749,0.142857142857143,0.377777777777778,0.25,0.220779220779221,0,0,0.769547325102881,0,0.476318359375,0.772727272727273,0.142857142857143,0.265,0,0.874643874643875
"Alouatta caraya","Male","Surgical",0,1,5,0,0,0,0,6,0,5,6,8,0,0,32,51,NA,NA,NA,NA,NA,NA,NA,NA,NA,NA,NA,NA,NA,NA,NA,NA,NA,NA,NA,NA,NA,NA,NA,NA,NA,NA,NA,NA,NA,NA,NA,NA,NA,NA,NA,NA,NA,NA,NA,NA,NA,NA
"Ammotragus lervia","Male","Surgical",8,0,6,7,0,0,20,41,50,29,16,9,0,0,209,313,0.0416666666666666,0,0.0476190476190477,0.0434782608695652,NA,0,0.167175662878788,0.129801704983945,0.0585440223321001,0.0238996388558295,0.0154676258992805,NA,0,0.433363742421299,0.274186851211073,0,0.145502645502646,0.194508009153318,NA,0,0.368369703789977,0.30724136057365,0.176832623101561,0.0629796925441908,0.0392122302158272,NA,0,0.762861935448514,0.422311983616976,0,0.402449402449402,0.28927177278234,NA,0,0.673833133151547,0.424333469804587,0.357515013327531,0.301783754040907,0.193465867843239,NA,0,0.955487516755897
"Antilope cervicapra","Male","Surgical",21,13,10,4,0,0,38,86,125,43,25,9,0,0,372,574,0.0188679245283019,0.0871831712348955,0.0181818181818182,0,NA,0,0.0192307692307693,0.105654541237207,0.0411004988842338,0.00271002710027102,0,NA,0,0.300088418427445,0.26079061522034,0.217286214909586,0.101995999648321,0.0303030303030303,NA,0,0.188441370786265,0.288693049772642,0.103645269071579,0.0224684473756623,0,NA,0,0.59887817002694,0.356914912508537,0.283994776138882,0.101995999648321,0.0637408568443051,NA,0,0.57518963553807,0.509759822307049,0.206068701590166,0.150528028575683,0.0896579565006257,NA,0,0.878498627726774
"Aonyx cinereus","Female","Hormonal",0,2,6,3,0,0,11,22,21,19,49,19,1,0,183,292,0,0,0.0625,0,0,0,0.0625,0.0924746571238881,0.046728426497245,0.0338211281858241,0.00704225352112675,0.00628930817610063,0,0.369343871931034,0,0.125506072874494,0.114583333333333,0,0,0,0.283088235294118,0.116205347006449,0.109173704901695,0.159983061036926,0.0956603536632648,0.00628930817610063,0,0.643714498718007,0,0.125506072874494,0.4421875,0.427083333333333,0,0,0.58619811560988,0.185831202860866,0.158005328720024,0.437307243107817,0.198111391617585,0.00628930817610063,0,0.853605653284723
"Aonyx cinereus","Male","Hormonal",0,0,0,1,0,0,1,2,16,9,42,14,0,0,94,175,NA,NA,NA,NA,NA,NA,NA,NA,NA,NA,NA,NA,NA,NA,NA,NA,NA,NA,NA,NA,NA,NA,NA,NA,NA,NA,NA,NA,NA,NA,NA,NA,NA,NA,NA,NA,NA,NA,NA,NA,NA,NA
"Aonyx cinereus","Male","Surgical",2,0,9,0,0,0,18,29,34,18,43,18,0,0,163,276,0.0769230769230769,0,0.0833333333333334,0,NA,0,0,0.093740138898367,0.0461956451798976,0.0296583844189746,0.0144113209510431,NA,0,0.359610988239795,0.0769230769230769,0,0.279761904761905,0,NA,0,0.226190476190476,0.262084020837375,0.145442615925934,0.214725189550021,0.0505422450397681,NA,0,0.650111005076617,0.153846153846154,0,0.532312925170068,0,NA,0,0.525162337662338,0.277143530616204,0.182705292557071,0.449254615464811,0.250228924773947,NA,0,0.818240062100237
"Artibeus jamaicensis","Male","Surgical",1,0,0,2,0,0,22,25,20,2,7,11,0,0,93,133,0,0,0,0,NA,0,0,0,0,0.0344827586206896,0,NA,0,0.243283627994238,0,0,0,0,NA,0,0.479166666666667,0.272427983539095,0,0.0804597701149425,0.29553640875588,NA,0,0.839233979449801,0,0,0,0,NA,0,0.6875,0.555122919155161,0.105882352941177,0.26424488290614,0.452534462396634,NA,0,0.979773126957088
"Atelerix albiventris","Female","Surgical",0,1,8,0,0,0,4,13,11,20,95,45,0,0,320,491,NA,NA,NA,NA,NA,NA,NA,NA,NA,NA,NA,NA,NA,NA,NA,NA,NA,NA,NA,NA,NA,NA,NA,NA,NA,NA,NA,NA,NA,NA,NA,NA,NA,NA,NA,NA,NA,NA,NA,NA,NA,NA
"Ateles geoffroyi","Male","Surgical",1,1,2,0,0,0,4,8,4,1,1,1,0,0,12,19,NA,NA,NA,NA,NA,NA,NA,NA,NA,NA,NA,NA,NA,NA,NA,NA,NA,NA,NA,NA,NA,NA,NA,NA,NA,NA,NA,NA,NA,NA,NA,NA,NA,NA,NA,NA,NA,NA,NA,NA,NA,NA
"Axis axis","Female","Hormonal",0,0,6,1,0,0,22,29,22,53,28,8,9,0,222,342,0,0,0,0,0,0,0,0.0687255677854727,0.225801338270271,0.00934579439252337,0,0.0178600160901046,0,0.486093732834771,0,0,0,0,0,0,0.0966183574879227,0.137757766658756,0.327389025969603,0.0909668204666192,0.0459893099231572,0.0459246519381865,0,0.714518508899003,0,0,0.17037037037037,0,0,0,0.693941848951301,0.263125510131267,0.468456352858774,0.336785669799804,0.0683468805480625,0.114611473783546,0,0.936486597746871
"Bison bison","Male","Surgical",1,2,4,1,0,0,15,23,15,8,12,5,0,0,113,153,0,0,0,0,NA,0,0.4,0.133413547594713,0.0470788428814521,0.024390243902439,0.0389515835456863,NA,0,0.649677344025121,0.166666666666667,0.285714285714286,0,0,NA,0,0.636363636363636,0.319331868359941,0.142594731946233,0.0580319596299411,0.0389515835456863,NA,0,0.884901092711591,0.166666666666667,0.285714285714286,0.34375,0,NA,0,0.852236652236652,0.343641444489943,0.218151518019937,0.222340049487451,0.0689843465598836,NA,0,0.953239313360552
"Bos grunniens","Male","Surgical",0,0,2,0,0,0,5,7,1,3,10,4,0,0,63,81,NA,NA,NA,NA,NA,NA,NA,NA,NA,NA,NA,NA,NA,NA,NA,NA,NA,NA,NA,NA,NA,NA,NA,NA,NA,NA,NA,NA,NA,NA,NA,NA,NA,NA,NA,NA,NA,NA,NA,NA,NA,NA
"Boselaphus tragocamelus","Male","Surgical",3,1,1,3,0,0,13,21,19,11,19,3,0,0,126,178,0.0909090909090909,0,0,0,NA,0,0,0.0904786767392732,0,0.0178571428571429,0.0229885057471264,NA,0,0.417853775334641,0.181818181818182,0,0,0.125,NA,0,0.222222222222222,0.175146080295661,0.110069128866122,0.0350877192982457,0.0425287356321838,NA,0,0.696785585897211,0.256198347107438,0.142857142857143,0.111111111111111,0.416666666666667,NA,0,0.744791666666667,0.321588489292616,0.185228866657473,0.353248772189839,0.0425287356321838,NA,0,0.90971988765181
"Callimico goeldii","Female","Hormonal",2,2,1,1,1,0,8,15,15,27,16,5,10,0,118,191,0.1,0,0,0,0,0,0,0.0361827761627906,0.060305576776165,0.0128205128205128,0.0128205128205128,0.0117647058823529,0,0.190078717707122,0.2,0.2,0.25,0,0.166666666666667,0,0.25,0.139894465835902,0.24491861758928,0.067825272909167,0.0128205128205128,0.0960199059680831,0,0.542637469331631,0.2,0.2,0.25,0,0.166666666666667,0,0.4,0.228419173890637,0.307159465742958,0.214130113501443,0.0638583638583639,0.165752852995102,0,0.868088527998038
"Callithrix geoffroyi","Female","Hormonal",1,6,6,4,0,0,13,30,16,40,13,10,6,0,172,257,0,0.0416666666666666,0,0,0,0,0,0.0492990119348501,0.0681016867450998,0,0.0071942446043165,0.00775193798449614,0,0.224615835219814,0,0.0852272727272727,0,0.0909090909090909,0,0,0.0869565217391304,0.0907750595072284,0.219739006030588,0.0398500174398326,0.0262619821040675,0.047370060760193,0,0.524803787881225,0.0476190476190477,0.185280539772727,0.0555555555555556,0.138755980861244,0,0,0.342861441251692,0.138730503908219,0.347673190038587,0.140142397210225,0.0579261315707184,0.0591309242075981,0,0.854661706972459
"Callithrix jacchus","Female","Hormonal",2,3,6,2,1,0,25,39,35,63,43,24,14,0,291,470,0,0,0,0,0,0,0.129166666666667,0.0332925341287458,0.0729743408952531,0.0164446730205641,0.0124531680680054,0.00819699780738747,0,0.179346976866752,0,0,0,0,0.0434782608695652,0,0.321227810650888,0.12393205799316,0.187719997119894,0.0810412704643931,0.0792063215816552,0.0453865351627811,0,0.581035196981924,0.0929705215419502,0.115384615384615,0.170459987397606,0.0588235294117647,0.0434782608695652,0,0.61650390625,0.192810839936693,0.356226676243049,0.291122887405365,0.174926424597262,0.0890136663612241,0,0.880005064157622
"Callithrix jacchus","Male","Surgical",2,1,2,1,0,0,9,15,50,58,53,26,0,0,279,466,0,0.166666666666667,0.166666666666667,0,NA,0,0,0.0714370436006049,0.0845034786350675,0.0187342134073825,0.00904977375565608,NA,0,0.252261458486486,0.2,0.166666666666667,0.166666666666667,0,NA,0,0.421296296296296,0.173060669282119,0.183150440845573,0.109864319105208,0.0822036065133089,NA,0,0.566186741272621,0.36,0.166666666666667,0.166666666666667,0.25,NA,0,0.782986111111111,0.273832178961247,0.355039220148437,0.280935244968454,0.188412937018225,NA,0,0.862848592523612
"Camelus bactrianus","Male","Surgical",0,1,3,5,0,0,8,17,10,10,18,15,0,0,93,146,0,0,0,0,NA,0,0.393939393939394,0.12813612979818,0.155493747919935,0.0520833333333334,0.0833333333333334,NA,0,0.508633267285513,0,0.111111111111111,0.1,0.166666666666667,NA,0,0.46969696969697,0.185934761716321,0.189273998003138,0.152020164453342,0.159393908056217,NA,0,0.754778792803408,0,0.111111111111111,0.46,1,NA,0,0.81060606060606,0.243043930218365,0.227879998098227,0.391618990523346,0.44147713821971,NA,0,0.916689582816004
"Camelus dromedarius","Male","Surgical",0,0,1,2,0,0,5,8,4,3,4,0,0,0,35,46,NA,NA,NA,NA,NA,NA,NA,NA,NA,NA,NA,NA,NA,NA,NA,NA,NA,NA,NA,NA,NA,NA,NA,NA,NA,NA,NA,NA,NA,NA,NA,NA,NA,NA,NA,NA,NA,NA,NA,NA,NA,NA
"Canis latrans","Female","Surgical",2,0,1,0,0,0,1,4,5,0,7,2,0,0,10,24,NA,NA,NA,NA,NA,NA,NA,NA,NA,NA,NA,NA,NA,NA,NA,NA,NA,NA,NA,NA,NA,NA,NA,NA,NA,NA,NA,NA,NA,NA,NA,NA,NA,NA,NA,NA,NA,NA,NA,NA,NA,NA
"Canis latrans","Male","Surgical",1,0,2,2,0,0,6,11,4,0,6,4,0,0,20,34,NA,NA,NA,NA,NA,NA,NA,NA,NA,NA,NA,NA,NA,NA,NA,NA,NA,NA,NA,NA,NA,NA,NA,NA,NA,NA,NA,NA,NA,NA,NA,NA,NA,NA,NA,NA,NA,NA,NA,NA,NA,NA
"Canis lupus","Female","Hormonal",2,0,1,1,0,0,2,6,21,6,46,23,1,0,99,196,NA,NA,NA,NA,NA,NA,NA,NA,NA,NA,NA,NA,NA,NA,NA,NA,NA,NA,NA,NA,NA,NA,NA,NA,NA,NA,NA,NA,NA,NA,NA,NA,NA,NA,NA,NA,NA,NA,NA,NA,NA,NA
"Canis lupus","Female","Surgical",1,0,12,6,0,0,9,28,24,6,35,18,1,0,99,183,0,0,0,0,0,0,0.0555555555555556,0.165186218615886,0.0163934426229508,0,0,0,0,0.431880316105274,0.0476190476190477,0,0.132936507936508,0.0938215102974828,0,0,0.143560606060606,0.272696595914951,0.0564768534856116,0.141196975710127,0.0283673469387754,0.0144927536231884,0,0.658831562733848,0.0476190476190477,0,0.444302165310569,0.358387607815525,0,0,0.410206667368126,0.314102469987547,0.0714534113667923,0.493236409350018,0.22728381591203,0.0144927536231884,0,0.780840191318433
"Canis lupus","Male","Surgical",1,6,10,1,0,0,9,27,24,11,39,28,0,0,111,213,0,0.0625,0.0909090909090909,0,NA,0,0.0833333333333334,0.14544108548567,0.0457357062973753,0.0323969084093118,0.0349527410207939,NA,0,0.277349207025854,0.0625,0.221453287197232,0.272727272727273,0,NA,0,0.140625,0.214211291802635,0.0766348477302946,0.133771950987126,0.0859542341731732,NA,0,0.540973353625775,0.0625,0.377162629757785,0.555555555555555,0.0833333333333334,NA,0,0.562937062937063,0.237214080910122,0.17406853996775,0.405252468583197,0.280420458592464,NA,0,0.753857130840518
"Capra hircus","Male","Surgical",3,12,23,10,0,0,135,183,43,38,70,32,0,0,1188,1371,0,0.025,0,0,NA,0,0.024390243902439,0.0159684236531544,0.0110717724018832,0.0166162165044332,0,NA,0,0.375138888365161,0.0441176470588236,0.0705000000000001,0,0.02,NA,0,0.39103436769357,0.0833820564077516,0.0422148591963242,0.0362729016814165,0.0091743425592441,NA,0,0.882986499014818,0.05577474892396,0.13218660209485,0.129927309427819,0.0952161355401845,NA,0,0.771143136869045,0.106910909072731,0.150959577043936,0.208169755354379,0.0969021027635542,NA,0,0.960632761701256
"Capra nubiana","Male","Surgical",1,0,1,0,0,0,6,8,35,236,13,2,0,0,118,404,NA,NA,NA,NA,NA,NA,NA,NA,NA,NA,NA,NA,NA,NA,NA,NA,NA,NA,NA,NA,NA,NA,NA,NA,NA,NA,NA,NA,NA,NA,NA,NA,NA,NA,NA,NA,NA,NA,NA,NA,NA,NA
"Cavia porcellus","Female","Surgical",0,2,3,0,0,0,10,15,25,49,187,57,8,0,466,792,0,0.285714285714286,0.142857142857143,0,0,0,0,0.0281821673512734,0.0373145879269741,0.0609110775590629,0.00862491233782237,0.00210970464135019,0,0.23224015478937,0,0.285714285714286,0.142857142857143,0,0,0,0.111111111111111,0.0498042610131008,0.0752195700575965,0.175291951892022,0.0768568203549397,0.0146616773080258,0,0.496801727320041,0,0.285714285714286,0.382857142857143,0,0,0,0.567901234567901,0.0753919252999661,0.131647717991981,0.488681765100726,0.175042339167072,0.0197936477387132,0,0.796637565263049
"Cavia porcellus","Male","Surgical",1,6,22,8,0,0,19,56,9,28,62,24,0,0,269,392,0,0.03125,0,0,NA,0,0.0303030303030303,0.0186580330330329,0.0186440191936378,0.0426454467998419,0.005586592178771,NA,0,0.243607117163356,0,0.109441964285714,0.0506578947368421,0.0256410256410257,NA,0,0.123753519031055,0.0352972852829967,0.0950847389717829,0.107043930149284,0.0442956854867218,NA,0,0.553159769051569,0.1,0.245112915039063,0.643931475748194,0.296003952258514,NA,0,0.493699838958634,0.0529170554280677,0.164462410399956,0.342479642285437,0.116142165437851,NA,0,0.828142015338225
"Cebuella pygmaea","Female","Hormonal",0,2,1,1,0,0,4,8,28,52,38,10,6,0,239,373,NA,NA,NA,NA,NA,NA,NA,NA,NA,NA,NA,NA,NA,NA,NA,NA,NA,NA,NA,NA,NA,NA,NA,NA,NA,NA,NA,NA,NA,NA,NA,NA,NA,NA,NA,NA,NA,NA,NA,NA,NA,NA
"Cebus capucinus","Male","Surgical",0,0,2,1,0,0,2,5,4,2,1,2,0,0,20,29,NA,NA,NA,NA,NA,NA,NA,NA,NA,NA,NA,NA,NA,NA,NA,NA,NA,NA,NA,NA,NA,NA,NA,NA,NA,NA,NA,NA,NA,NA,NA,NA,NA,NA,NA,NA,NA,NA,NA,NA,NA,NA
"Cercopithecus neglectus","Female","Hormonal",3,2,6,1,0,0,1,13,5,3,6,1,2,0,29,46,NA,NA,NA,NA,NA,NA,NA,NA,NA,NA,NA,NA,NA,NA,NA,NA,NA,NA,NA,NA,NA,NA,NA,NA,NA,NA,NA,NA,NA,NA,NA,NA,NA,NA,NA,NA,NA,NA,NA,NA,NA,NA
"Cervus elaphus","Male","Surgical",5,0,0,0,0,0,3,8,22,0,3,2,0,0,39,66,NA,NA,NA,NA,NA,NA,NA,NA,NA,NA,NA,NA,NA,NA,NA,NA,NA,NA,NA,NA,NA,NA,NA,NA,NA,NA,NA,NA,NA,NA,NA,NA,NA,NA,NA,NA,NA,NA,NA,NA,NA,NA
"Chinchilla lanigera","Male","Surgical",0,1,5,1,0,0,9,16,14,15,21,9,0,0,203,262,0,0,0,0,NA,0,0,0,0.015625,0,0,NA,0,0.316884401002094,0,0,0,0.166666666666667,NA,0,0.325,0.0582798534650679,0.0382543103448276,0.0658418140973158,0,NA,0,0.71750543128015,0,0,0.453125,0.166666666666667,NA,0,0.685,0.16358055187436,0.221190886224602,0.17039647421748,0.0769335001042318,NA,0,0.924793180126191
"Colobus guereza","Female","Hormonal",2,1,1,3,0,0,13,20,9,16,9,2,3,0,47,86,0.125,0,0,0,0,0,0,0.17036115916955,0.0928059895833333,0,0,0,0,0.216143096357,0.270833333333333,0,0,0,0,0,0.375,0.224991395340305,0.40124147485081,0.037037037037037,0.0416666666666666,0.04,0,0.544859890376134,0.270833333333333,0,0,0,0,0,0.7308349609375,0.273429433131536,0.524319616131477,0.33968253968254,0.105555555555556,0.286857142857143,0,0.905523446138353
"Cynomys ludovicianus","Female","Surgical",0,0,0,0,0,0,27,27,51,28,27,19,2,0,331,458,0,0,0,0,0,0,0.125,0.113582034006757,0.0859666317127561,0.0318865994749032,0.00934579439252337,0,0,0.356930848344131,0,0,0,0,0,0,0.626881198347107,0.229181591246487,0.131840501956061,0.0766220785084272,0.032204099594324,0.00602409638554213,0,0.692962984220045,0,0,0,0,0,0,0.977545844588977,0.317280317894516,0.248496734301994,0.246452354370096,0.218007651982534,0.0240963855421686,0,0.953104289473695
"Cynomys ludovicianus","Male","Surgical",2,1,2,1,0,0,45,51,43,13,28,9,0,0,288,381,0,0,0,0,NA,0,0.0666666666666667,0.0925972223210945,0.0542135393382299,0.0533662881509378,0.0166018338427341,NA,0,0.392199451580062,0.0277777777777778,0,0,0,NA,0,0.308783783783784,0.205348383843775,0.0902212979188215,0.115867291421733,0.0247968185607113,NA,0,0.714706287303662,0.0719696969696969,0.0909090909090909,0.164285714285714,0,NA,0,0.833618414378517,0.337505617198998,0.150128600846042,0.275105352451873,0.157924691691722,NA,0,0.967663432539219
"Dama dama","Male","Surgical",10,1,3,1,0,0,15,30,71,10,10,5,0,0,308,404,0.04,0,0,0,NA,0,0,0.0721467743420372,0.00555555555555554,0,0,NA,0,0.431940193290678,0.362059369202226,0,0,0,NA,0,0.430212958446336,0.322490220357994,0.0422814821372892,0.00680272108843538,0.00813008130081305,NA,0,0.790246379044009,0.502903404573163,0.25,0.444444444444444,0,NA,0,0.707509318669119,0.543627159833918,0.109546187110685,0.108253375977257,0.0687236383642033,NA,0,0.954921058964056
"Desmodus rotundus","Male","Surgical",3,0,1,1,0,0,9,14,24,12,7,0,0,0,145,188,NA,NA,NA,NA,NA,NA,NA,NA,NA,NA,NA,NA,NA,NA,NA,NA,NA,NA,NA,NA,NA,NA,NA,NA,NA,NA,NA,NA,NA,NA,NA,NA,NA,NA,NA,NA,NA,NA,NA,NA,NA,NA
"Didelphis virginiana","Male","Surgical",0,0,6,1,0,0,24,31,4,6,36,16,0,0,188,250,0,0,0,0,NA,0,0,0.05,0.0555555555555556,0,0,NA,0,0.418628591304854,0,0,0,0,NA,0,0,0.05,0.0555555555555556,0,0,NA,0,0.590449375051323,0,0,0,0,NA,0,0.241379310344827,0.0763979416809605,0.0880910685325178,0.138739091941097,0.0485336392099018,NA,0,0.878013081303256
"Dolichotis patagonum","Male","Surgical",6,4,5,1,0,0,7,23,150,81,42,14,0,0,542,829,0,0.0769230769230769,0,0,NA,0,0,0.0665595162793516,0.0239199974800974,0.0201361555177875,0.00230414746543783,NA,0,0.265971884050439,0.160839160839161,0.153846153846154,0.0769230769230769,0,NA,0,0,0.249278824444059,0.147259710804726,0.0490119299115996,0.020282160312758,NA,0,0.626392022436413,0.347319347319347,0.398290598290598,0.32182103610675,0.142857142857143,NA,0,0.407407407407407,0.446591947281661,0.268973662346861,0.129516681803431,0.0400349255908847,NA,0,0.845337457286809
"Eidolon helvum","Female","Surgical",0,0,0,0,0,0,13,13,11,2,11,6,1,0,63,94,NA,NA,NA,NA,NA,NA,NA,NA,NA,NA,NA,NA,NA,NA,NA,NA,NA,NA,NA,NA,NA,NA,NA,NA,NA,NA,NA,NA,NA,NA,NA,NA,NA,NA,NA,NA,NA,NA,NA,NA,NA,NA
"Eidolon helvum","Male","Surgical",3,1,3,1,0,0,10,18,13,0,8,9,0,0,94,124,0,0,0,0,NA,0,0.55,0.0766143091245077,0,0.0227272727272727,0,NA,0,0.619703274228206,0.191919191919192,0.1,0,0.125,NA,0,0.614285714285714,0.185627016227334,0,0.0674258174258174,0.091891891891892,NA,0,0.814411120334211,0.326599326599327,0.1,0.4,0.125,NA,0,0.742857142857143,0.43075600799837,0,0.308203446134481,0.199460659562527,NA,0,0.938753674438898
"Equus caballus","Male","Surgical",0,0,5,2,0,0,9,16,6,2,8,4,0,0,51,71,0,0,0,0,NA,0,0.1,0.21130604288499,0.0714285714285714,0.158854166666667,0.0625,NA,0,0.679259736882112,0,0,0.333333333333333,0.0909090909090909,NA,0,0.67,0.316465237166991,0.0714285714285714,0.331065088757396,0.213286713286713,NA,0,0.929022760609469,0,0,1,0.393939393939394,NA,0,1,0.316465237166991,0.1875,0.643234714003945,0.213286713286713,NA,0,0.985333784717773
"Equus quagga","Male","Surgical",0,0,1,0,0,0,1,2,6,4,3,1,0,0,35,49,NA,NA,NA,NA,NA,NA,NA,NA,NA,NA,NA,NA,NA,NA,NA,NA,NA,NA,NA,NA,NA,NA,NA,NA,NA,NA,NA,NA,NA,NA,NA,NA,NA,NA,NA,NA,NA,NA,NA,NA,NA,NA
"Erythrocebus patas","Female","Hormonal",5,1,1,1,0,0,6,14,7,10,13,2,2,0,53,87,NA,NA,NA,NA,NA,NA,NA,NA,NA,NA,NA,NA,NA,NA,NA,NA,NA,NA,NA,NA,NA,NA,NA,NA,NA,NA,NA,NA,NA,NA,NA,NA,NA,NA,NA,NA,NA,NA,NA,NA,NA,NA
"Erythrocebus patas","Male","Surgical",5,1,1,0,0,0,6,13,8,10,7,3,0,0,40,68,NA,NA,NA,NA,NA,NA,NA,NA,NA,NA,NA,NA,NA,NA,NA,NA,NA,NA,NA,NA,NA,NA,NA,NA,NA,NA,NA,NA,NA,NA,NA,NA,NA,NA,NA,NA,NA,NA,NA,NA,NA,NA
"Eudorcas thomsonii","Male","Surgical",7,1,3,2,0,0,11,24,35,9,2,1,0,0,76,123,0.0909090909090909,0,0,0.0909090909090909,NA,0,0,0.154341122620166,0.0593869062183229,0,0,NA,0,0.12655007540255,0.0909090909090909,0,0,0.173553719008265,NA,0,0.0909090909090909,0.299285446259954,0.0957287757507967,0,0,NA,0,0.480142594739137,0.452728341617231,0.1,0.125,0.173553719008265,NA,0,0.612121212121212,0.473918982368002,0.161549189609921,0.0719696969696969,0,NA,0,0.801814367088061
"Eulemur coronatus","Female","Hormonal",0,0,1,0,0,0,5,6,0,0,2,0,0,0,2,4,NA,NA,NA,NA,NA,NA,NA,NA,NA,NA,NA,NA,NA,NA,NA,NA,NA,NA,NA,NA,NA,NA,NA,NA,NA,NA,NA,NA,NA,NA,NA,NA,NA,NA,NA,NA,NA,NA,NA,NA,NA,NA
"Eulemur macaco","Female","Hormonal",1,0,2,1,0,0,3,7,3,1,4,7,2,0,40,57,NA,NA,NA,NA,NA,NA,NA,NA,NA,NA,NA,NA,NA,NA,NA,NA,NA,NA,NA,NA,NA,NA,NA,NA,NA,NA,NA,NA,NA,NA,NA,NA,NA,NA,NA,NA,NA,NA,NA,NA,NA,NA
"Eulemur mongoz","Female","Hormonal",0,0,2,2,0,0,4,8,0,2,2,2,0,0,5,11,NA,NA,NA,NA,NA,NA,NA,NA,NA,NA,NA,NA,NA,NA,NA,NA,NA,NA,NA,NA,NA,NA,NA,NA,NA,NA,NA,NA,NA,NA,NA,NA,NA,NA,NA,NA,NA,NA,NA,NA,NA,NA
"Felis catus","Female","Surgical",0,0,2,1,0,0,3,6,3,1,8,7,0,0,17,36,NA,NA,NA,NA,NA,NA,NA,NA,NA,NA,NA,NA,NA,NA,NA,NA,NA,NA,NA,NA,NA,NA,NA,NA,NA,NA,NA,NA,NA,NA,NA,NA,NA,NA,NA,NA,NA,NA,NA,NA,NA,NA
"Felis catus","Male","Surgical",1,0,1,2,0,0,5,9,4,1,8,6,0,0,34,53,NA,NA,NA,NA,NA,NA,NA,NA,NA,NA,NA,NA,NA,NA,NA,NA,NA,NA,NA,NA,NA,NA,NA,NA,NA,NA,NA,NA,NA,NA,NA,NA,NA,NA,NA,NA,NA,NA,NA,NA,NA,NA
"Giraffa camelopardalis","Female","Hormonal",1,0,1,0,0,0,3,5,11,7,9,5,5,0,80,117,NA,NA,NA,NA,NA,NA,NA,NA,NA,NA,NA,NA,NA,NA,NA,NA,NA,NA,NA,NA,NA,NA,NA,NA,NA,NA,NA,NA,NA,NA,NA,NA,NA,NA,NA,NA,NA,NA,NA,NA,NA,NA
"Hemitragus jemlahicus","Male","Surgical",0,0,0,0,0,0,13,13,6,2,4,1,0,0,47,60,NA,NA,NA,NA,NA,NA,NA,NA,NA,NA,NA,NA,NA,NA,NA,NA,NA,NA,NA,NA,NA,NA,NA,NA,NA,NA,NA,NA,NA,NA,NA,NA,NA,NA,NA,NA,NA,NA,NA,NA,NA,NA
"Hippopotamus amphibius","Female","Hormonal",0,1,2,0,0,0,2,5,3,0,6,2,0,0,13,24,NA,NA,NA,NA,NA,NA,NA,NA,NA,NA,NA,NA,NA,NA,NA,NA,NA,NA,NA,NA,NA,NA,NA,NA,NA,NA,NA,NA,NA,NA,NA,NA,NA,NA,NA,NA,NA,NA,NA,NA,NA,NA
"Hydrochoerus hydrochaeris","Female","Hormonal",0,1,3,3,0,0,8,15,56,52,60,24,11,0,380,583,0,0,0,0.0769230769230769,0,0,0.0714285714285714,0.0873471968561101,0.0388256271234663,0.0254950989360511,0.0166558852777994,0.00653594771241828,0,0.346817057496522,0,0.0833333333333334,0,0.169230769230769,0,0,0.343434343434344,0.174331206973944,0.158158446436484,0.0950752578977124,0.0382685537222929,0.0389787483540729,0,0.619662811495694,0,0.0833333333333334,0.36,0.446153846153846,0,0,0.648268398268398,0.202930989637697,0.230585348594167,0.259225855760253,0.116796454781771,0.05394792672862,0,0.832888456969036
"Hydrochoerus hydrochaeris","Male","Surgical",7,3,4,2,0,0,24,40,76,36,32,15,0,0,274,433,0.108359133126935,0,0,0,NA,0,0.161184210526316,0.115407870227147,0.0354424035185662,0.00462962962962965,0,NA,0,0.265631056074089,0.223794781070323,0.0588235294117647,0,0.0666666666666667,NA,0,0.314967105263158,0.234988476030103,0.121214645262815,0.0615405648194125,0.0238475278876846,NA,0,0.543084940090267,0.269453911595598,0.17745921898171,0.183333333333333,0.0666666666666667,NA,0,0.621367872807018,0.375309109057172,0.159928185802382,0.208805417279453,0.124450334623587,NA,0,0.822364563862244
"Kobus megaceros","Male","Surgical",0,1,5,0,0,0,12,18,24,10,6,1,0,0,69,110,0,0.125,0.142857142857143,0,NA,0,0.111111111111111,0.0529780564263324,0.0754716981132076,0,0,NA,0,0.272571898856763,0,0.125,0.142857142857143,0,NA,0,0.717813051146384,0.26867031971879,0.11618571041797,0.0181818181818182,0,NA,0,0.61662177076549,0,0.125,0.285714285714286,0,NA,0,0.811875367430923,0.531273447665093,0.250679189267409,0.184335664335664,0.0588235294117647,NA,0,0.85005087665128
"Lama glama","Male","Surgical",0,2,7,5,0,0,33,47,11,11,17,13,0,0,126,178,0,0.1,0,0.111111111111111,NA,0,0.0769230769230769,0.119641393572705,0.141225441225441,0.0686857760951867,0.0489596083231334,NA,0,0.752804497437425,0,0.140909090909091,0.181538461538462,0.111111111111111,NA,0,0.664744639290324,0.209779835584169,0.18830883402312,0.164652112786325,0.178392501047879,NA,0,0.915708452058802,0,0.140909090909091,0.420952380952381,0.259259259259259,NA,0,0.876161827528626,0.242705675768162,0.295001717858861,0.395145416529391,0.312262813814203,NA,0,0.969862490826448
"Lama guanicoe","Male","Surgical",0,1,2,0,0,0,10,13,8,7,7,2,0,0,59,83,NA,NA,NA,NA,NA,NA,NA,NA,NA,NA,NA,NA,NA,NA,NA,NA,NA,NA,NA,NA,NA,NA,NA,NA,NA,NA,NA,NA,NA,NA,NA,NA,NA,NA,NA,NA,NA,NA,NA,NA,NA,NA
"Lemur catta","Female","Hormonal",9,8,13,8,0,0,43,81,86,81,55,27,11,0,426,686,0.0775973478676181,0,0.048444976076555,0,0,0,0.11808768070396,0.185130734538153,0.127778208209772,0.0324132228507569,0.0333228196267585,0.0233761231839918,0,0.481813635392166,0.141043032934925,0.11219512195122,0.114050764050764,0.0533235938641343,0,0,0.430164673572511,0.350863647370816,0.306171792104726,0.20321031794372,0.101782924922244,0.0474227843726935,0,0.826770067090214,0.268295916944566,0.241781548250265,0.409095620712479,0.312128704020596,0,0,0.806850287592256,0.375838368727932,0.447429568217336,0.456682513101309,0.251337714801311,0.0695757428756542,0,0.965302236198881
"Lemur catta","Female","Surgical",0,4,4,2,0,0,9,19,95,85,64,33,11,0,460,748,0,0.6,0.5,0,0,0,0,0.172008390058217,0.10387486452763,0.0316717116807775,0.0287234175613951,0.0204975254363492,0,0.433231347589425,0,0.65,0.5,0,0,0,0.506172839506173,0.319582948167851,0.2680451697837,0.183214429309594,0.0895959158875833,0.0394426380040829,0,0.781744855999935,0,0.65,0.875,0.6,0,0,0.64726631393298,0.3634718950167,0.415082220583021,0.430313522144296,0.251863404511218,0.0569160613114185,0,0.950256485903384
"Lemur catta","Male","Surgical",4,7,4,5,0,0,22,42,65,88,50,31,0,0,400,634,0.0714285714285714,0.191111111111111,0.14792899408284,0,NA,0,0.133333333333333,0.141793986000164,0.208177338590644,0.0485727319638328,0.0380837234620629,NA,0,0.55541007339696,0.222407407407407,0.383703703703704,0.192774836499533,0.0833333333333334,NA,0,0.573096193191887,0.287147662836453,0.391881294317967,0.133347286243783,0.114789175961069,NA,0,0.855077865012404,0.222407407407407,0.383703703703704,0.260043600124572,0.619753086419753,NA,0,1,0.401268548816335,0.449397097313532,0.389832692761598,0.239193294956581,NA,0,0.96055908945051
"Leontopithecus chrysomelas","Female","Hormonal",1,3,1,3,0,0,15,23,13,12,10,4,7,0,80,126,0.1,0,0,0,0,0,0.0769230769230769,0.0677230058001103,0.0320312500000001,0,0.0317460317460316,0.033611031312841,0,0.241029762643592,0.1,0,0.0909090909090909,0.0833333333333334,0,0,0.230769230769231,0.19796022284541,0.114276960784314,0.104785438499724,0.0317460317460316,0.0801703118253833,0,0.620796277892149,0.1,0.222222222222222,0.0909090909090909,0.363425925925926,0,0,0.676323676323676,0.260792832115585,0.338050782608696,0.221708494208494,0.112433862433862,0.159894599803239,0,0.915922927578157
"Leontopithecus rosalia","Female","Hormonal",2,3,7,6,1,0,29,48,6,14,14,7,9,0,73,123,0,0,0,0,0.0454545454545454,0,0.0416666666666666,0.0625385802469137,0.0412505427702997,0.0217391304347826,0,0.0439723320158102,0,0.277209821209464,0.0817391304347826,0.0869565217391304,0.0454545454545454,0,0.0454545454545454,0,0.442369791666667,0.0865760525482749,0.232155241119935,0.188722429443532,0.027027027027027,0.131470903578823,0,0.544041681636086,0.0817391304347826,0.13768115942029,0.125,0.19327731092437,0.0454545454545454,0,0.692913434222028,0.16297150997151,0.323676904371675,0.337508930626152,0.111633372502938,0.226462384656504,0,0.822712100358155
"Leopardus pardalis","Male","Surgical",0,0,5,1,0,0,2,8,2,4,12,8,0,0,41,67,NA,NA,NA,NA,NA,NA,NA,NA,NA,NA,NA,NA,NA,NA,NA,NA,NA,NA,NA,NA,NA,NA,NA,NA,NA,NA,NA,NA,NA,NA,NA,NA,NA,NA,NA,NA,NA,NA,NA,NA,NA,NA
"Leptailurus serval","Female","Hormonal",3,0,2,0,0,0,6,11,16,13,33,7,1,0,74,144,NA,NA,NA,NA,NA,NA,NA,NA,NA,NA,NA,NA,NA,NA,NA,NA,NA,NA,NA,NA,NA,NA,NA,NA,NA,NA,NA,NA,NA,NA,NA,NA,NA,NA,NA,NA,NA,NA,NA,NA,NA,NA
"Leptailurus serval","Female","Surgical",0,1,2,0,0,0,5,8,19,12,33,7,1,0,75,147,NA,NA,NA,NA,NA,NA,NA,NA,NA,NA,NA,NA,NA,NA,NA,NA,NA,NA,NA,NA,NA,NA,NA,NA,NA,NA,NA,NA,NA,NA,NA,NA,NA,NA,NA,NA,NA,NA,NA,NA,NA,NA
"Leptailurus serval","Male","Surgical",0,1,2,3,0,0,6,12,9,8,17,16,0,0,65,115,NA,NA,NA,NA,NA,NA,NA,NA,NA,NA,NA,NA,NA,NA,NA,NA,NA,NA,NA,NA,NA,NA,NA,NA,NA,NA,NA,NA,NA,NA,NA,NA,NA,NA,NA,NA,NA,NA,NA,NA,NA,NA
"Lycaon pictus","Female","Hormonal",3,3,5,0,0,0,10,21,18,19,10,10,1,0,64,122,0.0833333333333334,0.0714285714285714,0.0769230769230769,0,0,0,0.0769230769230769,0.107975267734255,0.0628356500277681,0.0172413793103449,0.0482608506377606,0.0158730158730158,0,0.233857028193141,0.224358974358974,0.155844155844156,0.0769230769230769,0,0,0,0.238461538461539,0.243520388006609,0.201123071171198,0.0500551491930802,0.0652561925906578,0.0158730158730158,0,0.395953965693643,0.224358974358974,0.261363636363636,0.261538461538461,0,0,0,0.477802197802198,0.258353321575107,0.302898352348451,0.0686815188167453,0.0875119975289755,0.0158730158730158,0,0.719331358010604
"Lycaon pictus","Female","Surgical",2,1,5,2,0,0,9,19,19,21,10,8,1,0,65,124,0.0714285714285714,0,0,0.0833333333333334,0,0,0,0.123590060222845,0.0782277960526316,0.0175438596491229,0.0328407224958949,0.0163934426229508,0,0.246554226655083,0.0714285714285714,0,0,0.0833333333333334,0,0,0.0625,0.276506700721981,0.241127956902918,0.0905162114283362,0.0518046298979362,0.0163934426229508,0,0.44029862410387,0.133333333333333,0.0714285714285714,0.0833333333333334,0.0833333333333334,0,0,0.415584415584416,0.276506700721981,0.355386281745669,0.122997775305896,0.0767571396374642,0.0163934426229508,0,0.728090053380738
"Lycaon pictus","Male","Hormonal",1,0,3,0,0,0,2,6,12,6,20,8,0,0,66,112,NA,NA,NA,NA,NA,NA,NA,NA,NA,NA,NA,NA,NA,NA,NA,NA,NA,NA,NA,NA,NA,NA,NA,NA,NA,NA,NA,NA,NA,NA,NA,NA,NA,NA,NA,NA,NA,NA,NA,NA,NA,NA
"Lynx lynx","Male","Surgical",0,0,4,0,0,0,4,8,2,1,22,9,0,0,46,80,NA,NA,NA,NA,NA,NA,NA,NA,NA,NA,NA,NA,NA,NA,NA,NA,NA,NA,NA,NA,NA,NA,NA,NA,NA,NA,NA,NA,NA,NA,NA,NA,NA,NA,NA,NA,NA,NA,NA,NA,NA,NA
"Lynx rufus","Female","Surgical",0,0,3,3,0,0,4,10,1,0,15,19,0,0,25,60,NA,NA,NA,NA,NA,NA,NA,NA,NA,NA,NA,NA,NA,NA,NA,NA,NA,NA,NA,NA,NA,NA,NA,NA,NA,NA,NA,NA,NA,NA,NA,NA,NA,NA,NA,NA,NA,NA,NA,NA,NA,NA
"Lynx rufus","Male","Surgical",0,2,8,3,0,0,6,19,3,0,14,15,0,0,30,62,0,0.25,0,0.142857142857143,NA,0,0,0.113333333333333,0,0,0.0666666666666667,NA,0,0.328995028409091,0,0.25,0,0.142857142857143,NA,0,0.0769230769230769,0.14020202020202,0,0.074074074074074,0.126819126819127,NA,0,0.479344844519158,0,0.318181818181818,0.416607142857143,0.220779220779221,NA,0,0.282051282051282,0.14020202020202,0,0.352649844868756,0.343625968625969,NA,0,0.667308868001228
"Macaca fascicularis","Female","Surgical",1,1,1,0,0,0,2,5,10,13,16,3,0,0,44,86,NA,NA,NA,NA,NA,NA,NA,NA,NA,NA,NA,NA,NA,NA,NA,NA,NA,NA,NA,NA,NA,NA,NA,NA,NA,NA,NA,NA,NA,NA,NA,NA,NA,NA,NA,NA,NA,NA,NA,NA,NA,NA
"Macaca fascicularis","Male","Surgical",4,0,0,1,0,0,4,9,18,15,9,0,0,0,70,112,NA,NA,NA,NA,NA,NA,NA,NA,NA,NA,NA,NA,NA,NA,NA,NA,NA,NA,NA,NA,NA,NA,NA,NA,NA,NA,NA,NA,NA,NA,NA,NA,NA,NA,NA,NA,NA,NA,NA,NA,NA,NA
"Macaca fuscata","Female","Hormonal",2,0,6,1,1,0,9,19,5,1,20,4,0,0,52,82,0,0,0.142857142857143,0,0,0,0,0.261538461538461,0.0555555555555556,0.0588235294117647,0,0,0,0.411538461538462,0,0,0.298701298701299,0,0.0769230769230769,0,0.341880341880342,0.287002652519894,0.0555555555555556,0.217777777777778,0.037037037037037,0,0,0.751265562236025,0.238095238095238,0,0.688311688311688,0,0.0769230769230769,0,0.708473557692308,0.287002652519894,0.0555555555555556,0.535651747229064,0.162878787878788,0,0,0.893778741636021
"Macaca fuscata","Male","Surgical",1,1,1,3,0,0,10,16,6,1,7,4,0,0,32,50,0,0,0,0,NA,0,0.166666666666667,0.0476190476190477,0,0,0.0952380952380953,NA,0,0.335614669421487,0.166666666666667,0,0,0,NA,0,0.5,0.252695230138839,0,0.166865079365079,0.142857142857143,NA,0,0.749887178910458,0.166666666666667,0.142857142857143,0,0.166666666666667,NA,0,0.777777777777778,0.346108326371484,0.0909090909090909,0.42293685150828,0.26530612244898,NA,0,0.974207115325141
"Macaca leonina","Male","Surgical",2,0,1,1,0,0,4,8,0,1,0,1,0,0,6,8,NA,NA,NA,NA,NA,NA,NA,NA,NA,NA,NA,NA,NA,NA,NA,NA,NA,NA,NA,NA,NA,NA,NA,NA,NA,NA,NA,NA,NA,NA,NA,NA,NA,NA,NA,NA,NA,NA,NA,NA,NA,NA
"Macaca mulatta","Male","Surgical",0,0,0,1,0,0,2,3,8,3,7,5,0,0,30,53,NA,NA,NA,NA,NA,NA,NA,NA,NA,NA,NA,NA,NA,NA,NA,NA,NA,NA,NA,NA,NA,NA,NA,NA,NA,NA,NA,NA,NA,NA,NA,NA,NA,NA,NA,NA,NA,NA,NA,NA,NA,NA
"Macaca nemestrina","Female","Hormonal",0,0,0,0,0,0,4,4,1,3,4,2,0,0,34,44,NA,NA,NA,NA,NA,NA,NA,NA,NA,NA,NA,NA,NA,NA,NA,NA,NA,NA,NA,NA,NA,NA,NA,NA,NA,NA,NA,NA,NA,NA,NA,NA,NA,NA,NA,NA,NA,NA,NA,NA,NA,NA
"Macaca nemestrina","Male","Surgical",0,1,1,0,0,0,0,2,2,1,3,3,0,0,18,27,NA,NA,NA,NA,NA,NA,NA,NA,NA,NA,NA,NA,NA,NA,NA,NA,NA,NA,NA,NA,NA,NA,NA,NA,NA,NA,NA,NA,NA,NA,NA,NA,NA,NA,NA,NA,NA,NA,NA,NA,NA,NA
"Macaca nigra","Female","Hormonal",2,1,5,0,0,0,13,21,5,8,5,5,0,0,24,47,0,0,0,0,0,0,0.2,0.0769230769230769,0.16875,0,0.0526315789473684,0,0,0.372911917803559,0.0909090909090909,0,0.173553719008265,0,0,0,0.504132231404959,0.189140271493213,0.275888888888889,0.0666666666666667,0.105263157894737,0,0,0.589952324420073,0.318181818181818,0.111111111111111,0.397382920110193,0,0,0,0.936245572609209,0.394558069381599,0.538379166666667,1,0.307644110275689,0,0,0.932715562159328
"Macaca nigra","Male","Surgical",1,0,1,1,0,0,15,18,1,5,4,0,0,0,40,50,0,0,0,0.111111111111111,NA,0,0.375,0.0666666666666667,0.183333333333333,0.0666666666666667,0,NA,0,0.456701015367084,0,0,0,0.111111111111111,NA,0,0.96875,0.0666666666666667,0.241666666666667,0.0666666666666667,0,NA,0,0.81104926026533,0.2,0,0,0.111111111111111,NA,0,0.9921875,0.0666666666666667,0.3175,0.183333333333333,0,NA,0,0.959860487404838
"Macaca silenus","Female","Hormonal",2,1,1,0,1,0,4,9,8,11,11,1,1,0,64,96,NA,NA,NA,NA,NA,NA,NA,NA,NA,NA,NA,NA,NA,NA,NA,NA,NA,NA,NA,NA,NA,NA,NA,NA,NA,NA,NA,NA,NA,NA,NA,NA,NA,NA,NA,NA,NA,NA,NA,NA,NA,NA
"Macaca silenus","Male","Hormonal",0,0,1,0,0,0,3,4,11,6,11,3,0,0,86,117,NA,NA,NA,NA,NA,NA,NA,NA,NA,NA,NA,NA,NA,NA,NA,NA,NA,NA,NA,NA,NA,NA,NA,NA,NA,NA,NA,NA,NA,NA,NA,NA,NA,NA,NA,NA,NA,NA,NA,NA,NA,NA
"Macaca silenus","Male","Surgical",0,3,3,0,0,0,8,14,10,3,9,3,0,0,79,104,NA,NA,NA,NA,NA,NA,NA,NA,NA,NA,NA,NA,NA,NA,NA,NA,NA,NA,NA,NA,NA,NA,NA,NA,NA,NA,NA,NA,NA,NA,NA,NA,NA,NA,NA,NA,NA,NA,NA,NA,NA,NA
"Macaca sylvanus","Female","Hormonal",9,3,2,0,0,0,16,30,24,13,8,8,4,0,79,136,0.0714285714285714,0,0,0,0,0,0.108024691358025,0.195662483131077,0.108595404595405,0.0396634615384616,0,0,0,0.456815429228527,0.566921418773271,0.183333333333333,0.173553719008265,0,0,0,0.570354457572503,0.356849168059175,0.219501370903806,0.11363671030536,0.024390243902439,0.0539541759053954,0,0.752537283772277,0.653537135018617,0.455555555555555,0.173553719008265,0,0,0,1,0.534733620968132,0.294415301821521,0.212121520271431,0.33480775420781,0.121092911808883,0,0.897502077228128
"Macaca sylvanus","Male","Surgical",13,4,3,3,0,0,6,29,18,16,6,5,0,0,54,99,0.25,0.0588235294117647,0.0625,0,NA,0,0.0769230769230769,0.1349216380182,0.0674603174603176,0,0.0454545454545455,NA,0,0.318248651581985,0.353316326530612,0.173241061130334,0.0625,0.0714285714285714,NA,0,0.134615384615385,0.336849196542716,0.216548798168646,0.0384615384615384,0.0454545454545455,NA,0,0.673126352263926,0.587103079166571,0.242137639369473,0.270833333333333,0.204081632653061,NA,0,0.400887573964497,0.53606733914511,0.605163373313153,0.23513986013986,0.299109980928163,NA,0,0.898964982457687
"Macaca tonkeana","Female","Hormonal",2,1,1,1,0,0,7,12,0,1,2,0,0,0,8,11,NA,NA,NA,NA,NA,NA,NA,NA,NA,NA,NA,NA,NA,NA,NA,NA,NA,NA,NA,NA,NA,NA,NA,NA,NA,NA,NA,NA,NA,NA,NA,NA,NA,NA,NA,NA,NA,NA,NA,NA,NA,NA
"Macaca tonkeana","Male","Surgical",0,1,2,1,0,0,5,9,0,0,3,0,0,0,5,8,NA,NA,NA,NA,NA,NA,NA,NA,NA,NA,NA,NA,NA,NA,NA,NA,NA,NA,NA,NA,NA,NA,NA,NA,NA,NA,NA,NA,NA,NA,NA,NA,NA,NA,NA,NA,NA,NA,NA,NA,NA,NA
"Macropus fuliginosus","Male","Surgical",0,0,3,1,0,0,19,23,9,19,7,5,0,0,68,108,0,0,0,0,NA,0,0.5,0.0256410256410257,0.149682612325158,0.0175438596491229,0.0277777777777778,NA,0,0.417926434703089,0,0,0,0,NA,0,0.705387205387205,0.115598528279285,0.330204714655969,0.0175438596491229,0.087037037037037,NA,0,0.643511838567095,0,0,0,0.125,NA,0,0.837053664214158,0.321651230515486,0.469034111732325,0.0602593440122045,0.204961419753086,NA,0,0.858463255165981
"Macropus giganteus","Male","Surgical",1,1,4,0,0,0,18,24,29,16,6,3,0,0,290,344,0,0,0,0,NA,0,0,0.0414937478950811,0.031712962962963,0.00990099009900991,0.01,NA,0,0.203183777896462,0,0.0769230769230769,0,0,NA,0,0,0.17683080333136,0.0435213414634147,0.0225945671490225,0.0223749999999999,NA,0,0.852271199860321,0,0.0769230769230769,0.318181818181818,0,NA,0,0.508723958333333,0.361845413254518,0.255678421394983,0.0551747482440551,0.0223749999999999,NA,0,0.986783731508751
"Mandrillus sphinx","Female","Hormonal",11,4,9,3,1,0,20,48,17,10,9,2,2,0,72,112,0.128634440543703,0,0.0476190476190477,0.0454545454545454,0,0,0.0909090909090909,0.184331034482759,0.0476190476190477,0,0,0,0,0.426327229558481,0.364317610438862,0.109375,0.103641456582633,0.0956937799043062,0.0588235294117647,0,0.390145669659559,0.265957247620534,0.219338272943586,0.0912442396313363,0,0.0615234375,0,0.707442637579294,0.509616442338551,0.109375,0.34640522875817,0.152212918660287,0.0588235294117647,0,0.702696013959035,0.455388246111162,0.27974662087057,0.249327528177684,0.0783699059561128,0.0615234375,0,0.873508818324018
"Mandrillus sphinx","Female","Surgical",1,1,1,0,0,0,9,12,25,13,17,5,3,0,82,145,NA,NA,NA,NA,NA,NA,NA,NA,NA,NA,NA,NA,NA,NA,NA,NA,NA,NA,NA,NA,NA,NA,NA,NA,NA,NA,NA,NA,NA,NA,NA,NA,NA,NA,NA,NA,NA,NA,NA,NA,NA,NA
"Mandrillus sphinx","Male","Hormonal",1,0,2,1,0,0,4,8,11,11,22,6,0,0,82,132,NA,NA,NA,NA,NA,NA,NA,NA,NA,NA,NA,NA,NA,NA,NA,NA,NA,NA,NA,NA,NA,NA,NA,NA,NA,NA,NA,NA,NA,NA,NA,NA,NA,NA,NA,NA,NA,NA,NA,NA,NA,NA
"Mandrillus sphinx","Male","Surgical",2,4,7,2,0,0,15,30,11,7,17,5,0,0,75,115,0,0,0,0,NA,0,0.226190476190476,0.132226479352916,0.037037037037037,0.0344827586206896,0,NA,0,0.453304945596527,0.0833333333333334,0.0833333333333334,0,0.0625,NA,0,0.497064450780312,0.330552816129739,0.12291798439806,0.212893553223388,0.136972866949984,NA,0,0.717478467996696,0.144444444444444,0.264756944444445,0.346938775510204,0.117647058823529,NA,0,0.757945457594803,0.330552816129739,0.173036956718171,0.393662082772073,0.192271874424827,NA,0,0.923691645981149
"Mephitis mephitis","Female","Surgical",0,2,2,1,0,0,8,13,9,9,27,17,1,0,90,153,NA,NA,NA,NA,NA,NA,NA,NA,NA,NA,NA,NA,NA,NA,NA,NA,NA,NA,NA,NA,NA,NA,NA,NA,NA,NA,NA,NA,NA,NA,NA,NA,NA,NA,NA,NA,NA,NA,NA,NA,NA,NA
"Mephitis mephitis","Male","Surgical",3,2,5,2,0,0,23,35,8,7,33,10,0,0,95,153,0,0,0,0,NA,0,0,0.0895748798526576,0,0.0394011032308905,0,NA,0,0.261008282828614,0,0.037037037037037,0,0,NA,0,0.265574189840771,0.114235372327627,0.0544918517873849,0.108787259223101,0.0126582278481012,NA,0,0.53912675281202,0.213907785336357,0.0972222222222222,0.533333333333333,0.0416666666666666,NA,0,0.833617920540997,0.131269307475173,0.0964709345122604,0.387034742212168,0.12521107603941,NA,0,0.788890728361954
"Mungos mungo","Male","Surgical",1,2,2,0,0,0,2,7,12,6,19,4,0,0,97,138,NA,NA,NA,NA,NA,NA,NA,NA,NA,NA,NA,NA,NA,NA,NA,NA,NA,NA,NA,NA,NA,NA,NA,NA,NA,NA,NA,NA,NA,NA,NA,NA,NA,NA,NA,NA,NA,NA,NA,NA,NA,NA
"Muntiacus reevesi","Male","Surgical",0,1,1,3,0,0,5,10,35,11,14,10,0,0,113,183,NA,NA,NA,NA,NA,NA,NA,NA,NA,NA,NA,NA,NA,NA,NA,NA,NA,NA,NA,NA,NA,NA,NA,NA,NA,NA,NA,NA,NA,NA,NA,NA,NA,NA,NA,NA,NA,NA,NA,NA,NA,NA
"Mustela nigripes","Female","Surgical",0,0,3,4,0,0,6,13,0,0,5,3,0,0,42,50,NA,NA,NA,NA,NA,NA,NA,NA,NA,NA,NA,NA,NA,NA,NA,NA,NA,NA,NA,NA,NA,NA,NA,NA,NA,NA,NA,NA,NA,NA,NA,NA,NA,NA,NA,NA,NA,NA,NA,NA,NA,NA
"Mustela nigripes","Male","Surgical",1,3,7,2,0,0,16,29,1,7,12,5,0,0,79,104,0,0,0.0434782608695652,0,NA,0,0.0888429752066114,0.0166666666666667,0.0481924570594521,0.0161290322580645,0,NA,0,0.313458927935568,0,0,0.134575569358178,0,NA,0,0.338329344329341,0.0166666666666667,0.0791517884292925,0.087381592421915,0.0158730158730158,NA,0,0.481824623099426,0,0.184313725490196,0.23373878536922,0.153846153846154,NA,0,0.458633099905825,0.0166666666666667,0.140899627689136,0.166121288024046,0.108527131782946,NA,0,0.752520628782555
"Mustela putorius","Female","Surgical",0,0,0,0,0,0,4,4,0,2,8,3,0,0,47,60,NA,NA,NA,NA,NA,NA,NA,NA,NA,NA,NA,NA,NA,NA,NA,NA,NA,NA,NA,NA,NA,NA,NA,NA,NA,NA,NA,NA,NA,NA,NA,NA,NA,NA,NA,NA,NA,NA,NA,NA,NA,NA
"Mustela putorius","Male","Surgical",0,1,1,1,0,0,5,8,0,1,13,8,0,0,49,71,NA,NA,NA,NA,NA,NA,NA,NA,NA,NA,NA,NA,NA,NA,NA,NA,NA,NA,NA,NA,NA,NA,NA,NA,NA,NA,NA,NA,NA,NA,NA,NA,NA,NA,NA,NA,NA,NA,NA,NA,NA,NA
"Myocastor coypus","Male","Surgical",0,3,2,0,0,0,1,6,13,6,10,3,0,0,139,171,NA,NA,NA,NA,NA,NA,NA,NA,NA,NA,NA,NA,NA,NA,NA,NA,NA,NA,NA,NA,NA,NA,NA,NA,NA,NA,NA,NA,NA,NA,NA,NA,NA,NA,NA,NA,NA,NA,NA,NA,NA,NA
"Nasua narica","Male","Surgical",0,0,2,0,0,0,14,16,2,1,6,2,0,0,35,46,0,0,0,0,NA,0,0.25,0.0714285714285714,0.0833333333333334,0,0.0769230769230769,NA,0,0.502652825836217,0,0,0.0769230769230769,0,NA,0,0.3125,0.129464285714286,0.0833333333333334,0.173611111111111,0.0769230769230769,NA,0,0.762760664542903,0,0,0.153846153846154,0,NA,0,0.828125,0.129464285714286,0.0833333333333334,0.332532051282051,0.0769230769230769,NA,0,0.914767330586205
"Nasua nasua","Female","Hormonal",0,1,2,2,0,0,5,10,20,21,74,22,4,0,166,307,NA,NA,NA,NA,NA,NA,NA,NA,NA,NA,NA,NA,NA,NA,NA,NA,NA,NA,NA,NA,NA,NA,NA,NA,NA,NA,NA,NA,NA,NA,NA,NA,NA,NA,NA,NA,NA,NA,NA,NA,NA,NA
"Nasua nasua","Female","Surgical",0,2,2,0,0,0,7,11,40,23,84,26,5,0,224,402,NA,NA,NA,NA,NA,NA,NA,NA,NA,NA,NA,NA,NA,NA,NA,NA,NA,NA,NA,NA,NA,NA,NA,NA,NA,NA,NA,NA,NA,NA,NA,NA,NA,NA,NA,NA,NA,NA,NA,NA,NA,NA
"Nasua nasua","Male","Surgical",4,3,13,5,0,0,23,48,23,22,35,28,0,0,150,258,0,0,0.0333333333333333,0,NA,0,0.160998810939358,0.104074495685574,0.0322636231526103,0.0166690012606807,0.015679012345679,NA,0,0.260673921704232,0.0637408568443051,0.0357142857142857,0.0937499999999999,0,NA,0,0.349445556660182,0.123415109746964,0.101511562346711,0.0474362965808679,0.071360410143474,NA,0,0.543515444135787,0.181591658080686,0.116363636363636,0.504105548469388,0.189140271493213,NA,0,0.637725945415909,0.21727301568501,0.231033965582661,0.379587155907188,0.358105503335029,NA,0,0.793105073304992
"Neofelis nebulosa","Female","Hormonal",1,1,1,1,0,0,1,5,11,2,7,4,0,0,38,62,NA,NA,NA,NA,NA,NA,NA,NA,NA,NA,NA,NA,NA,NA,NA,NA,NA,NA,NA,NA,NA,NA,NA,NA,NA,NA,NA,NA,NA,NA,NA,NA,NA,NA,NA,NA,NA,NA,NA,NA,NA,NA
"Nomascus leucogenys","Female","Hormonal",1,0,1,0,0,0,4,6,0,2,2,1,0,0,8,13,NA,NA,NA,NA,NA,NA,NA,NA,NA,NA,NA,NA,NA,NA,NA,NA,NA,NA,NA,NA,NA,NA,NA,NA,NA,NA,NA,NA,NA,NA,NA,NA,NA,NA,NA,NA,NA,NA,NA,NA,NA,NA
"Notamacropus eugenii","Male","Surgical",1,1,0,1,0,0,4,7,8,14,0,1,0,0,59,82,NA,NA,NA,NA,NA,NA,NA,NA,NA,NA,NA,NA,NA,NA,NA,NA,NA,NA,NA,NA,NA,NA,NA,NA,NA,NA,NA,NA,NA,NA,NA,NA,NA,NA,NA,NA,NA,NA,NA,NA,NA,NA
"Notamacropus parma","Male","Surgical",1,2,1,0,0,0,13,17,35,33,6,2,0,0,208,284,0,0,0,0,NA,0,0.0769230769230769,0.0783564867982314,0.0491308278307652,0.00699300699300698,0,NA,0,0.336097086279165,0.0833333333333334,0.0833333333333334,0,0,NA,0,0.412587412587413,0.191538041063081,0.192301443180904,0.00699300699300698,0.0189907759088442,NA,0,0.60721054375418,0.0833333333333334,0.0833333333333334,0.333333333333333,0,NA,0,0.874125874125874,0.255566332354821,0.280493742063444,0.0388948124797182,0.0189907759088442,NA,0,0.885439731621387
"Notamacropus rufogriseus","Male","Surgical",16,42,11,8,0,0,45,122,82,180,45,32,0,0,512,851,0,0.0996191815512492,0,0,NA,0,0.0540050743022835,0.0497962278411856,0.103110695608516,0.0145703472328544,0.0087076065519821,NA,0,0.242154395570889,0.120745446623262,0.242908271744483,0,0.0376542220797947,NA,0,0.148357483149756,0.143831916700087,0.260813603569094,0.0666359157403736,0.0338946256007195,NA,0,0.560863562166935,0.22777151725865,0.467334978597634,0.139474782608696,0.159877331371112,NA,0,0.503837255533288,0.254334266548587,0.479071198919252,0.160691082386535,0.0879272797789398,NA,0,0.828829633370845
"Octodon degus","Female","Hormonal",1,0,1,1,0,0,5,8,6,9,26,5,0,0,145,191,NA,NA,NA,NA,NA,NA,NA,NA,NA,NA,NA,NA,NA,NA,NA,NA,NA,NA,NA,NA,NA,NA,NA,NA,NA,NA,NA,NA,NA,NA,NA,NA,NA,NA,NA,NA,NA,NA,NA,NA,NA,NA
"Octodon degus","Male","Surgical",1,1,1,3,0,0,22,28,7,3,20,7,0,0,134,171,0,0,0,0,NA,0,0.232631578947368,0.0536439665471923,0,0.0108695652173914,0,NA,0,0.212772707189803,0.0714285714285714,0.0588235294117647,0.0909090909090909,0.17948717948718,NA,0,0.598110206690816,0.0643980123818833,0,0.121788410504335,0.0248476324425692,NA,0,0.589838173844048,0.0714285714285714,0.0588235294117647,0.0909090909090909,0.296703296703297,NA,0,0.849291327509056,0.0817239751155521,0.0525210084033614,0.284813624351377,0.114647377938517,NA,0,0.884836106753234
"Odocoileus virginianus","Male","Surgical",0,3,4,1,0,0,4,12,13,6,4,2,0,0,41,66,NA,NA,NA,NA,NA,NA,NA,NA,NA,NA,NA,NA,NA,NA,NA,NA,NA,NA,NA,NA,NA,NA,NA,NA,NA,NA,NA,NA,NA,NA,NA,NA,NA,NA,NA,NA,NA,NA,NA,NA,NA,NA
"Oryctolagus cuniculus","Female","Surgical",1,1,3,1,0,0,13,19,9,12,13,3,0,0,170,207,0,0,0,0,0,0,0.19,0.027106227106227,0.0117647058823529,0.0163934426229508,0,0,0,0.343238922006885,0.1,0,0,0,0,0,0.558181818181818,0.0782425162699965,0.0355846042120551,0.039686451000995,0,0,0,0.631379315127618,0.1,0,0.142857142857143,0,0,0,0.742272727272727,0.121613191524866,0.100032671868729,0.102953492190264,0.0418570835064397,0,0,0.892746072082757
"Oryctolagus cuniculus","Male","Surgical",0,7,2,2,0,0,27,38,7,9,9,4,0,0,114,143,0,0,0,0,NA,0,0.113333333333333,0.0149253731343284,0.0169491525423728,0,0,NA,0,0.31349645716803,0,0.18796992481203,0,0.0555555555555556,NA,0,0.280228395061728,0.0697084952305764,0.0474294888771186,0.0138888888888888,0.029733959311424,NA,0,0.588705480543799,0,0.299425033171163,0.272727272727273,0.108024691358025,NA,0,0.8655133984375,0.102370767498343,0.128265511659563,0.0973785456544075,0.029733959311424,NA,0,0.875567916303802
"Oryx dammah","Female","Hormonal",1,0,0,0,0,0,5,6,30,35,58,14,16,0,264,417,NA,NA,NA,NA,NA,NA,NA,NA,NA,NA,NA,NA,NA,NA,NA,NA,NA,NA,NA,NA,NA,NA,NA,NA,NA,NA,NA,NA,NA,NA,NA,NA,NA,NA,NA,NA,NA,NA,NA,NA,NA,NA
"Oryx dammah","Male","Surgical",2,2,6,2,0,0,17,29,49,13,6,7,0,0,157,232,0.0714285714285714,0,0,0,NA,0,0.0769230769230769,0.200518669446927,0.0430292720868614,0.0114942528735632,0.0235507246376812,NA,0,0.449766988070163,0.0714285714285714,0.0714285714285714,0.0833333333333334,0,NA,0,0.42248011433264,0.383460888102857,0.108207961505824,0.0419244442232949,0.0880090901873612,NA,0,0.772342303974268,0.0714285714285714,0.148809523809524,0.2575,0.0909090909090909,NA,0,0.588249711144568,0.54942287693469,0.17928311645348,0.0853372428444269,0.108736156319467,NA,0,0.909808563096989
"Osphranter rufus","Male","Surgical",5,4,3,3,0,0,64,79,63,93,41,26,0,0,352,575,0,0.0344827586206896,0,0,NA,0,0.0947569444444445,0.0840523471575342,0.0736742250592244,0.0313948217394842,0.0125985939833195,NA,0,0.207965814051157,0.091796875,0.0344827586206896,0,0,NA,0,0.39144219920984,0.146248779442484,0.202656086316882,0.0666951629692589,0.0490202650531407,NA,0,0.525024177872164,0.140546013327206,0.086672879776328,0.0303030303030303,0.0263157894736842,NA,0,0.705619986357371,0.26443242276867,0.384606338031708,0.171568168475655,0.122686289846115,NA,0,0.826220401801916
"Ovis aries","Male","Surgical",2,1,3,4,0,0,19,29,19,14,7,1,0,0,226,267,0,0,0,0,NA,0,0.288888888888889,0.0779881796287832,0.00806451612903225,0.0293157347352836,0,NA,0,0.425214309953671,0,0,0,0,NA,0,0.431111111111111,0.153019345801973,0.0611130804679192,0.0293157347352836,0,NA,0,0.854429334055119,0.0769230769230769,0,0.133333333333333,0.155844155844156,NA,0,0.611111111111111,0.198216412875406,0.366931495670256,0.117917746777702,0.0416666666666666,NA,0,0.979069220366128
"Pan troglodytes","Female","Hormonal",2,4,10,2,2,0,19,39,5,11,13,22,0,0,73,124,0.125,0.2,0.25,0,0.166666666666667,0,0.561142857142857,0.146524064171123,0.194508009153318,0,0.190692934782609,0,0,0.606815534689314,0.125,0.318181818181818,0.451748251748252,0.117647058823529,0.215686274509804,0,0.75625,0.206398013750955,0.397446726928933,0.251060340885798,0.388973673163418,0,0,0.87491362384672,0.2125,0.415584415584416,0.856083916083916,0.117647058823529,0.215686274509804,0,1,0.206398013750955,0.397446726928933,0.490724111323968,0.610472094896552,0,0,0.97530168195284
"Pan troglodytes","Female","Surgical",0,1,2,2,0,0,3,8,6,11,20,21,2,0,84,144,NA,NA,NA,NA,NA,NA,NA,NA,NA,NA,NA,NA,NA,NA,NA,NA,NA,NA,NA,NA,NA,NA,NA,NA,NA,NA,NA,NA,NA,NA,NA,NA,NA,NA,NA,NA,NA,NA,NA,NA,NA,NA
"Pan troglodytes","Male","Surgical",2,1,8,5,0,0,9,25,12,13,12,10,0,0,63,110,0,0,0,0,NA,0,0.0625,0,0.26038062283737,0.0588235294117647,0.100529100529101,NA,0,0.519943543175867,0.133333333333333,0.0769230769230769,0.394230769230769,0.142857142857143,NA,0,0.50267650462963,0.278549382716049,0.397051554185688,0.227280133912039,0.263698424696157,NA,0,0.854185777778042,0.133333333333333,0.0769230769230769,0.818269230769231,0.657142857142857,NA,0,0.734760802469136,0.481110517568851,0.557837806402838,0.586979483340993,0.451608722560159,NA,0,0.96328184644401
"Panthera leo","Female","Hormonal",6,2,16,3,0,0,23,50,36,24,116,36,4,0,305,521,0.032258064516129,0,0,0,0,0,0.102216748768473,0.124801051366112,0.0534942493644264,0.0244652949245542,0.0224559335929494,0.0200099992205705,0,0.38415247075236,0.129641909814324,0.037037037037037,0.215170033857945,0,0,0,0.401511396488345,0.18312384801963,0.093864808887152,0.178700895665047,0.0731528053389304,0.0248855713637517,0,0.648738120620928,0.236762905529484,0.0936819172113289,0.488618299252813,0.131578947368421,0,0,0.66933504655981,0.206667246760635,0.135550510255099,0.417821169188148,0.176624252373548,0.0248855713637517,0,0.815452537085361
"Panthera leo","Female","Surgical",1,2,13,2,0,0,27,45,41,24,119,37,4,0,301,526,0.0625,0,0,0,0,0,0.142857142857143,0.112326067881191,0.0485407448045411,0.0220439722998764,0.0203406242879927,0.0182621150632609,0,0.354467320109963,0.0625,0.113333333333333,0.125,0,0,0,0.480398436973548,0.18092452480175,0.0864263443016423,0.201634541876878,0.0700275101723096,0.0230510803556353,0,0.626394514490623,0.0625,0.113333333333333,0.303405572755418,0.105882352941177,0,0,0.734110648799145,0.216474159260901,0.130140148424324,0.440875475263156,0.177210335981661,0.0230510803556353,0,0.800793889070867
"Panthera leo","Male","Surgical",2,0,13,7,0,0,22,44,12,13,82,44,0,0,188,339,0.0476190476190477,0,0.0454545454545454,0,NA,0,0.1875,0.0477106556482206,0.0328947880479762,0.0535054062867593,0.0410592336538356,NA,0,0.499976225956091,0.0909090909090909,0,0.1699604743083,0.0873015873015873,NA,0,0.3765625,0.0899579912797548,0.060255897710383,0.171509456039569,0.128521536493908,NA,0,0.637852195244704,0.0909090909090909,0,0.438297725765756,0.138007054673721,NA,0,0.648073760121457,0.10550343028502,0.082084003201267,0.396532536160794,0.29953793321421,NA,0,0.791999709024601
"Panthera onca","Female","Hormonal",0,0,2,3,0,0,5,10,5,6,25,14,1,0,51,102,NA,NA,NA,NA,NA,NA,NA,NA,NA,NA,NA,NA,NA,NA,NA,NA,NA,NA,NA,NA,NA,NA,NA,NA,NA,NA,NA,NA,NA,NA,NA,NA,NA,NA,NA,NA,NA,NA,NA,NA,NA,NA
"Panthera tigris","Female","Hormonal",0,0,3,3,0,0,0,6,9,10,34,23,0,0,88,164,NA,NA,NA,NA,NA,NA,NA,NA,NA,NA,NA,NA,NA,NA,NA,NA,NA,NA,NA,NA,NA,NA,NA,NA,NA,NA,NA,NA,NA,NA,NA,NA,NA,NA,NA,NA,NA,NA,NA,NA,NA,NA
"Panthera tigris","Female","Surgical",0,1,3,1,0,0,9,14,11,11,36,25,0,0,89,172,NA,NA,NA,NA,NA,NA,NA,NA,NA,NA,NA,NA,NA,NA,NA,NA,NA,NA,NA,NA,NA,NA,NA,NA,NA,NA,NA,NA,NA,NA,NA,NA,NA,NA,NA,NA,NA,NA,NA,NA,NA,NA
"Panthera tigris","Male","Surgical",1,0,11,5,0,0,6,23,3,5,28,25,0,0,95,156,0,0,0.265908056440601,0,NA,0,0.1875,0.047342995169082,0.0733752620545073,0.0399698340874811,0.0495689655172413,NA,0,0.428852425356887,0,0,0.471981818818414,0.0769230769230769,NA,0,0.255208333333333,0.047342995169082,0.0987719050434968,0.128000218340716,0.15540470697601,NA,0,0.634273229705642,0.111111111111111,0,0.603986364113811,0.58974358974359,NA,0,0.497265625,0.047342995169082,0.0987719050434968,0.503683649772409,0.354057324513064,NA,0,0.840613967755028
"Panthera uncia","Female","Hormonal",0,2,2,0,0,0,7,11,5,8,26,20,1,0,102,162,NA,NA,NA,NA,NA,NA,NA,NA,NA,NA,NA,NA,NA,NA,NA,NA,NA,NA,NA,NA,NA,NA,NA,NA,NA,NA,NA,NA,NA,NA,NA,NA,NA,NA,NA,NA,NA,NA,NA,NA,NA,NA
"Papio hamadryas","Female","Hormonal",4,1,9,2,1,0,37,54,13,14,45,23,3,0,159,257,0.0714285714285714,0,0,0,0,0,0.254079254079254,0.0783575844766933,0.0647869495676512,0.0777989239767604,0.0518162393162392,0,0,0.424714395538516,0.167667066826731,0.0625,0.257631257631258,0,0,0,0.715787607193585,0.107391178715709,0.122043513918332,0.320586616032169,0.161429534620558,0.0443705386112914,0,0.785625586011757,0.250900360144058,0.0625,0.472749472749473,0.142857142857143,0.0909090909090909,0,0.91922729690023,0.222562861272903,0.231772489890141,0.564977037086985,0.367584325987001,0.0443705386112914,0,0.924425070617536
"Papio hamadryas","Female","Surgical",2,0,3,0,0,0,16,21,9,13,48,21,4,0,156,251,0,0,0,0,0,0,0.111111111111111,0.0119047619047619,0.0604690732446338,0.0983517817593685,0.0512910512910512,0.0250079138968028,0,0.390849356217504,0.111111111111111,0,0.142857142857143,0,0,0,0.517906336088154,0.0987457368352577,0.130805266882321,0.338683256651927,0.13101941985423,0.0539509665192726,0,0.731700962840896,0.238095238095238,0,0.4,0,0,0,0.919651056014692,0.152907651688908,0.193352942586154,0.566482076745963,0.347437214671049,0.0539509665192726,0,0.92320324102989
"Papio hamadryas","Male","Surgical",1,2,0,2,0,0,22,27,13,2,28,10,0,0,134,187,0,0,0,0.125,NA,0,0.285714285714286,0.0373134328358209,0,0.0585211999022482,0.0425925925925926,NA,0,0.575092677465447,0.142857142857143,0.142857142857143,0,0.125,NA,0,0.753086419753086,0.168599813432836,0.0222222222222223,0.254279144060341,0.0829181763285025,NA,0,0.856944409781033,0.142857142857143,0.357142857142857,0,0.3,NA,0,0.983539094650206,0.248770545708955,0.0501587301587302,0.597391549825251,0.178672307917732,NA,0,0.950382463328873
"Papio papio","Female","Hormonal",0,0,0,1,0,0,8,9,0,3,5,4,0,0,41,53,NA,NA,NA,NA,NA,NA,NA,NA,NA,NA,NA,NA,NA,NA,NA,NA,NA,NA,NA,NA,NA,NA,NA,NA,NA,NA,NA,NA,NA,NA,NA,NA,NA,NA,NA,NA,NA,NA,NA,NA,NA,NA
"Papio papio","Male","Surgical",1,0,0,1,0,0,3,5,0,0,3,1,0,0,29,33,NA,NA,NA,NA,NA,NA,NA,NA,NA,NA,NA,NA,NA,NA,NA,NA,NA,NA,NA,NA,NA,NA,NA,NA,NA,NA,NA,NA,NA,NA,NA,NA,NA,NA,NA,NA,NA,NA,NA,NA,NA,NA
"Pecari tajacu","Male","Surgical",1,1,1,1,0,0,6,10,6,6,8,5,0,0,88,113,NA,NA,NA,NA,NA,NA,NA,NA,NA,NA,NA,NA,NA,NA,NA,NA,NA,NA,NA,NA,NA,NA,NA,NA,NA,NA,NA,NA,NA,NA,NA,NA,NA,NA,NA,NA,NA,NA,NA,NA,NA,NA
"Petaurus breviceps","Male","Surgical",0,2,6,2,0,0,21,31,8,14,30,3,0,0,209,264,0,0,0,0,NA,0,0.0714285714285714,0.0337349881374703,0.042556398862298,0.0164651226344197,0.00877192982456143,NA,0,0.422454703577984,0,0.0476190476190477,0.148888263439347,0,NA,0,0.359947082379863,0.0596198377348525,0.0686857756321829,0.0919946016699719,0.0176221804511278,NA,0,0.696368992588192,0,0.142857142857143,0.416380523501267,0.0769230769230769,NA,0,0.84512299771167,0.070305975942411,0.139427297931769,0.337692298518369,0.0348568790397046,NA,0,0.917604585845255
"Phacochoerus africanus","Female","Hormonal",1,2,5,0,0,0,3,11,6,1,10,2,0,0,54,73,NA,NA,NA,NA,NA,NA,NA,NA,NA,NA,NA,NA,NA,NA,NA,NA,NA,NA,NA,NA,NA,NA,NA,NA,NA,NA,NA,NA,NA,NA,NA,NA,NA,NA,NA,NA,NA,NA,NA,NA,NA,NA
"Phacochoerus africanus","Male","Surgical",1,0,0,0,0,0,4,5,11,3,9,3,0,0,59,85,NA,NA,NA,NA,NA,NA,NA,NA,NA,NA,NA,NA,NA,NA,NA,NA,NA,NA,NA,NA,NA,NA,NA,NA,NA,NA,NA,NA,NA,NA,NA,NA,NA,NA,NA,NA,NA,NA,NA,NA,NA,NA
"Pithecia pithecia","Female","Hormonal",0,6,2,2,0,0,8,18,3,19,4,1,0,0,43,70,0,0,0,0,0,0,0.142857142857143,0,0.0875576036866359,0,0.0344827586206896,0,0,0.258303908073493,0,0.166666666666667,0,0,0,0,0.265306122448979,0.118469565217391,0.440557157352247,0.0857142857142859,0.0344827586206896,0,0,0.667785946413675,0,0.513888888888889,0,0.142857142857143,0,0,0.443413729128015,0.118469565217391,0.675845464013154,0.177142857142857,0.0344827586206896,0,0,0.905036043226887
"Pongo abelii","Female","Hormonal",0,0,3,0,1,0,5,9,2,4,1,2,3,0,19,31,NA,NA,NA,NA,NA,NA,NA,NA,NA,NA,NA,NA,NA,NA,NA,NA,NA,NA,NA,NA,NA,NA,NA,NA,NA,NA,NA,NA,NA,NA,NA,NA,NA,NA,NA,NA,NA,NA,NA,NA,NA,NA
"Potamochoerus porcus","Female","Hormonal",1,0,5,0,0,0,5,11,7,6,8,8,0,0,31,60,NA,NA,NA,NA,NA,NA,NA,NA,NA,NA,NA,NA,NA,NA,NA,NA,NA,NA,NA,NA,NA,NA,NA,NA,NA,NA,NA,NA,NA,NA,NA,NA,NA,NA,NA,NA,NA,NA,NA,NA,NA,NA
"Potamochoerus porcus","Male","Surgical",0,0,1,1,0,0,2,4,7,6,9,1,0,0,34,57,NA,NA,NA,NA,NA,NA,NA,NA,NA,NA,NA,NA,NA,NA,NA,NA,NA,NA,NA,NA,NA,NA,NA,NA,NA,NA,NA,NA,NA,NA,NA,NA,NA,NA,NA,NA,NA,NA,NA,NA,NA,NA
"Procavia capensis","Male","Hormonal",2,0,2,2,0,0,15,21,12,19,15,3,0,0,100,149,0,0,0,0,NA,0,0.238095238095238,0.0836805555555553,0.0385261618138332,0,0,NA,0,0.207067167619673,0,0,0,0,NA,0,0.380952380952381,0.107970112079701,0.106534349716314,0.0654274709402298,0,NA,0,0.494157758638009,0.0909090909090909,0,0.2,0.166666666666667,NA,0,0.607142857142857,0.139890504946075,0.290325816127893,0.157357788955019,0,NA,0,0.79443661099722
"Procavia capensis","Male","Surgical",0,0,4,0,0,0,4,8,14,19,13,5,0,0,111,162,NA,NA,NA,NA,NA,NA,NA,NA,NA,NA,NA,NA,NA,NA,NA,NA,NA,NA,NA,NA,NA,NA,NA,NA,NA,NA,NA,NA,NA,NA,NA,NA,NA,NA,NA,NA,NA,NA,NA,NA,NA,NA
"Procyon lotor","Female","Surgical",4,2,6,2,0,0,12,26,19,6,37,24,1,0,150,237,0.228571428571429,0,0.0769230769230769,0,0,0,0.166666666666667,0.0595615935881137,0.019931891025641,0.0664089902416158,0.00961538461538458,0,0,0.361550666447336,0.287912087912088,0,0.0769230769230769,0,0,0,0.377267573696145,0.131992037199161,0.040263487508111,0.180727138883028,0.115660400197807,0,0,0.630633088031787,0.287912087912088,0.325,0.341880341880342,0.285714285714286,0,0,0.680650037792895,0.215416336940317,0.0894003242043188,0.331412311836861,0.275734989607152,0.0181818181818182,0,0.875532873104386
"Procyon lotor","Male","Surgical",1,0,10,7,0,0,32,50,20,8,32,19,0,0,142,221,0.125,0,0,0.128205128205128,NA,0,0,0.139089137741801,0.0483756336565163,0.0364420645545144,0.0123456790123457,NA,0,0.28981371465001,0.125,0,0.147193496938828,0.128205128205128,NA,0,0.316317776210824,0.210220250824099,0.072021246134812,0.127984826249444,0.0607471931862175,NA,0,0.636259348496754,0.125,0,0.330441175282551,0.278367346938776,NA,0,0.714555751707454,0.210220250824099,0.0856679925151823,0.282983977836567,0.282511425739681,NA,0,0.860378619121872
"Propithecus coquereli","Female","Hormonal",0,1,1,3,0,0,3,8,0,0,0,0,0,0,3,3,NA,NA,NA,NA,NA,NA,NA,NA,NA,NA,NA,NA,NA,NA,NA,NA,NA,NA,NA,NA,NA,NA,NA,NA,NA,NA,NA,NA,NA,NA,NA,NA,NA,NA,NA,NA,NA,NA,NA,NA,NA,NA
"Pteropus rodricensis","Female","Hormonal",11,2,4,0,0,0,18,35,28,31,21,6,3,0,223,312,0.19327731092437,0,0.0666666666666667,0,0,0,0.0625,0.12585341922364,0.0758664311561745,0.0562426948844502,0,0.0112359550561798,0,0.409934019533208,0.479253777896312,0,0.144444444444444,0,0,0,0.541735526842949,0.146589566807397,0.19351981667733,0.103752106307626,0.0133333333333333,0.0244194756554307,0,0.761433415455289,0.635477644527418,0.285714285714286,0.266666666666667,0,0,0,0.826198955365622,0.27212721746875,0.289657944804572,0.216367068908793,0.0863184257602864,0.0394284067991932,0,0.939877285591929
"Puma concolor","Female","Surgical",1,1,5,8,0,0,8,23,4,6,24,17,0,0,87,138,0,0,0,0.0666666666666667,0,0,0.0769230769230769,0.0941176470588235,0.0788055043268548,0,0.0263157894736842,0,0,0.3317281847337,0,0.0588235294117647,0.114186851211073,0.0666666666666667,0,0,0.0769230769230769,0.110294117647059,0.111705307743753,0.14942080406574,0.139413530442558,0,0,0.590902478016976,0.111111111111111,0.0588235294117647,0.318605270162364,0.265882352941176,0,0,0.53125,0.110294117647059,0.130211447165758,0.378315995196875,0.24163251155515,0,0,0.814407399980863
"Puma concolor","Male","Surgical",0,0,7,3,0,0,12,22,3,6,28,20,0,0,61,118,0,0,0,0,NA,0,0.142857142857143,0.0161290322580645,0.0330923248053393,0.0507158333839579,0.0580931263858094,NA,0,0.252261153148905,0,0,0,0.129464285714286,NA,0,0.384615384615385,0.0343488649940262,0.0703654097901675,0.193107483512721,0.181765366770896,NA,0,0.472302361710052,0,0,0.363636363636364,0.129464285714286,NA,0,0.631606488749346,0.0568058681337,0.123576817310596,0.4056681022051,0.273107658376965,NA,0,0.734279258928104
"Rangifer tarandus","Male","Surgical",0,0,3,0,0,0,10,13,10,17,18,5,0,0,145,195,NA,NA,NA,NA,NA,NA,NA,NA,NA,NA,NA,NA,NA,NA,NA,NA,NA,NA,NA,NA,NA,NA,NA,NA,NA,NA,NA,NA,NA,NA,NA,NA,NA,NA,NA,NA,NA,NA,NA,NA,NA,NA
"Rattus norvegicus","Female","Surgical",0,0,2,1,0,0,18,21,2,37,70,17,0,0,282,408,0,0,0,0,0,0,0.05,0.00342465753424659,0.0459936101995203,0.004,0,0,0,0.101283664001875,0,0,0,0,0,0,0.1925,0.00787365459882583,0.107909639497367,0.0709304494645739,0.0213328395908053,0,0,0.40161217756358,0,0,0.0625,0.0833333333333334,0,0,0.392,0.00787365459882583,0.177271686982309,0.358816828785148,0.0848421882096702,0,0,0.773179899252055
"Rattus norvegicus","Male","Surgical",0,2,1,0,0,0,24,27,3,9,16,15,0,0,170,213,0,0,0,0,NA,0,0.076923076923077,0.00724637681159424,0.0317481134530315,0,0,NA,0,0.270109273501102,0,0,0,0,NA,0,0.230769230769231,0.0140929535232385,0.0386641983569385,0.0145164695945946,0.0146220836469196,NA,0,0.486681911822811,0,0,0,0,NA,0,0.769230769230769,0.0140929535232385,0.0786857087123544,0.163818040184189,0.167200215609016,NA,0,0.810175948258929
"Rousettus aegyptiacus","Male","Surgical",0,1,1,0,0,0,30,32,4,9,33,6,0,0,236,288,0,0.0909090909090909,0,0,NA,0,0.4,0.0196078431372548,0.0193305044790193,0.0478803913870152,0,NA,0,0.381187244831449,0,0.0909090909090909,0,0,NA,0,0.630236305048335,0.0294117647058822,0.0462184258735164,0.161301081549246,0.0194545107762731,NA,0,0.678337544690183,0,0.0909090909090909,0.0714285714285714,0,NA,0,1,0.051470588235294,0.0894439947501846,0.258888478597386,0.0510964879623089,NA,0,0.924118555628657
"Saguinus bicolor","Female","Hormonal",1,5,1,4,1,0,8,20,1,11,1,2,2,0,15,32,0.0769230769230769,0.0714285714285714,0,0,0,0,0,0,0.157894736842105,0,0.0526315789473684,0.111111111111111,0,0.105882352941177,0.0769230769230769,0.303571428571429,0,0,0,0,0.166666666666667,0.0625,0.48390977443609,0.125,0.0526315789473684,0.111111111111111,0,0.529218186657633,0.0769230769230769,0.442857142857143,0.111111111111111,0.62962962962963,0.125,0,0.661375661375661,0.0625,1,0.125,0.289473684210526,0.111111111111111,0,0.921536364442939
"Saguinus oedipus","Female","Hormonal",2,3,8,4,0,0,30,47,33,48,40,13,2,0,273,409,0,0,0.114186851211073,0,0,0,0.0476190476190477,0.0614848756717874,0.0718430518127849,0.0228612089646407,0,0,0,0.31546953295021,0.05,0.0909090909090909,0.196541361642696,0.0526315789473684,0,0,0.262025012025012,0.140575868859348,0.19537320306151,0.0996600432820358,0.0415189617145247,0.00584795321637421,0,0.638984006750279,0.05,0.136363636363636,0.196541361642696,0.145231499802137,0,0,0.628888152663663,0.24261032111913,0.329955697927214,0.248534970876464,0.119196514464355,0.0171451355661881,0,0.892593096602668
"Saguinus oedipus","Female","Surgical",0,2,4,0,0,0,12,18,35,49,44,17,2,0,291,438,0,0,0.125,0,0,0,0.125,0.0534512462243615,0.0686080577409389,0.0271264436174008,0,0,0,0.299728193814382,0,0.111111111111111,0.125,0,0,0,0.125,0.137798497655517,0.187966239184713,0.108689152184251,0.0458522788016833,0.00546448087431695,0,0.621717653438493,0,0.111111111111111,0.2125,0,0,0,0.559,0.225508179760974,0.314574533435329,0.224028213509152,0.137216830412292,0.015717424370458,0,0.882181182060168
"Saguinus oedipus","Male","Hormonal",0,1,2,0,0,0,1,4,33,46,51,19,0,0,255,404,NA,NA,NA,NA,NA,NA,NA,NA,NA,NA,NA,NA,NA,NA,NA,NA,NA,NA,NA,NA,NA,NA,NA,NA,NA,NA,NA,NA,NA,NA,NA,NA,NA,NA,NA,NA,NA,NA,NA,NA,NA,NA
"Saguinus oedipus","Male","Surgical",1,1,1,2,0,0,12,17,44,58,54,17,0,0,290,463,0,0,0,0,NA,0,0.25,0.0961504780633601,0.0970095631433471,0.0159062299677492,0.00546448087431695,NA,0,0.32484801177229,0.1,0,0,0,NA,0,0.325,0.184241932004858,0.201520885030645,0.106414343157246,0.0360895965084672,NA,0,0.676648266367533,0.1,0.2,0.166666666666667,0.142857142857143,NA,0,0.79,0.26823971302105,0.338600046187525,0.381669444494852,0.102058172649086,NA,0,0.881850938709772
"Saimiri sciureus","Female","Hormonal",2,4,4,1,0,0,8,19,29,66,61,15,26,0,362,559,0.0833333333333334,0.0714285714285714,0.0769230769230769,0,0,0,0.0769230769230769,0.0284941392720951,0.0948068622354319,0.0481165370477067,0.0098961274955186,0.0248551403635853,0,0.403075047953289,0.175,0.226190476190476,0.0769230769230769,0,0,0,0.313413858868404,0.0877859040680227,0.260657817404053,0.14364589582986,0.0277721197700945,0.117691826347745,0,0.752650191319489,0.175,0.322916666666667,0.472527472527472,0.25,0,0,0.593134138588684,0.184836554711602,0.383997689586968,0.394322086436559,0.11443374243225,0.168848773960976,0,0.924812911839732
"Saimiri sciureus","Female","Surgical",1,0,1,1,0,0,4,7,19,40,52,13,19,0,213,356,NA,NA,NA,NA,NA,NA,NA,NA,NA,NA,NA,NA,NA,NA,NA,NA,NA,NA,NA,NA,NA,NA,NA,NA,NA,NA,NA,NA,NA,NA,NA,NA,NA,NA,NA,NA,NA,NA,NA,NA,NA,NA
"Saimiri sciureus","Male","Surgical",0,5,2,2,0,0,8,17,55,52,28,7,0,0,283,425,0,0.1,0,0,NA,0,0,0.0597310461001813,0.0739372439246491,0.0104237541844705,0,NA,0,0.349427782022849,0,0.473251028806584,0.142857142857143,0,NA,0,0.222222222222222,0.236289446539076,0.227299120363408,0.0251529881393234,0.0252738260103235,NA,0,0.753245718618862,0,0.473251028806584,0.285714285714286,0.666666666666667,NA,0,0.65,0.434678366338622,0.396003623456294,0.264988541772718,0.0874711097630455,NA,0,0.940838157227546
"Sapajus apella","Male","Surgical",0,1,1,0,0,0,8,10,17,10,18,7,0,0,92,144,NA,NA,NA,NA,NA,NA,NA,NA,NA,NA,NA,NA,NA,NA,NA,NA,NA,NA,NA,NA,NA,NA,NA,NA,NA,NA,NA,NA,NA,NA,NA,NA,NA,NA,NA,NA,NA,NA,NA,NA,NA,NA
"Suricata suricatta","Female","Hormonal",8,1,25,11,0,0,31,76,141,74,112,40,4,0,588,959,0.0185185185185185,0,0,0,0,0,0.0847727714819568,0.129246456828247,0.0545675617682253,0.0322800201584316,0.0124379947773351,0.00399533147707765,0,0.309758099660259,0.0702426564495531,0.0169491525423728,0.0786515731812666,0.0360449735449736,0,0,0.184860297528507,0.252296631867913,0.138729881869379,0.128032269306868,0.0502643499537845,0.00959488297578537,0,0.626277157086146,0.215147060214749,0.0169491525423728,0.402214779698559,0.303024940624936,0,0,0.489089393418525,0.320733053914837,0.204143232878536,0.329351991565426,0.144848376487731,0.00959488297578537,0,0.855960191842934
"Suricata suricatta","Female","Surgical",0,0,9,3,0,0,10,22,149,75,128,48,4,0,609,1013,0,0,0,0,0,0,0.0555555555555556,0.121447762870617,0.0504633888105698,0.0297404702868317,0.0114119917219796,0.00368733065781157,0,0.29466332553117,0,0,0,0.0588235294117647,0,0,0.166666666666667,0.237128260738314,0.125680597952056,0.123508254797557,0.0478961052584975,0.00867617969990564,0,0.596480176666659,0,0,0.429436383928572,0.276018099547511,0,0,0.452991452991453,0.32101164012788,0.187936045393395,0.329210179694698,0.173174232492012,0.00867617969990564,0,0.836836492087396
"Suricata suricatta","Male","Hormonal",1,2,0,0,0,0,7,10,144,62,153,68,0,0,698,1125,NA,NA,NA,NA,NA,NA,NA,NA,NA,NA,NA,NA,NA,NA,NA,NA,NA,NA,NA,NA,NA,NA,NA,NA,NA,NA,NA,NA,NA,NA,NA,NA,NA,NA,NA,NA,NA,NA,NA,NA,NA,NA
"Suricata suricatta","Male","Surgical",5,2,5,1,0,0,28,41,140,62,148,67,0,0,677,1094,0.0833333333333334,0,0,0,NA,0,0.273975000875319,0.100405087934634,0.0399334415498847,0.0348191742687083,0.020205839791826,NA,0,0.318478391439526,0.18469942324756,0,0.1,0.0476190476190477,NA,0,0.472235673713213,0.209665693030724,0.0928664457605679,0.140180516609557,0.0828372785501085,NA,0,0.64209881648295,0.242935178729877,0.111111111111111,0.266666666666667,0.0476190476190477,NA,0,0.720595356671701,0.293193229376075,0.154362241280156,0.374548821274423,0.208996665482538,NA,0,0.848112657708418
"Sus scrofa","Male","Surgical",0,0,2,1,0,0,6,9,8,3,8,1,0,0,113,133,NA,NA,NA,NA,NA,NA,NA,NA,NA,NA,NA,NA,NA,NA,NA,NA,NA,NA,NA,NA,NA,NA,NA,NA,NA,NA,NA,NA,NA,NA,NA,NA,NA,NA,NA,NA,NA,NA,NA,NA,NA,NA
"Symphalangus syndactylus","Female","Hormonal",0,6,2,1,0,0,4,13,2,2,2,2,0,0,34,42,NA,NA,NA,NA,NA,NA,NA,NA,NA,NA,NA,NA,NA,NA,NA,NA,NA,NA,NA,NA,NA,NA,NA,NA,NA,NA,NA,NA,NA,NA,NA,NA,NA,NA,NA,NA,NA,NA,NA,NA,NA,NA
"Trachypithecus cristatus","Female","Hormonal",0,0,0,1,0,0,8,9,0,1,0,0,1,0,19,21,NA,NA,NA,NA,NA,NA,NA,NA,NA,NA,NA,NA,NA,NA,NA,NA,NA,NA,NA,NA,NA,NA,NA,NA,NA,NA,NA,NA,NA,NA,NA,NA,NA,NA,NA,NA,NA,NA,NA,NA,NA,NA
"Trachypithecus francoisi","Female","Hormonal",0,4,0,0,2,0,9,15,1,1,1,0,1,0,18,22,0,0,0,0,0.125,0,0,0,0.142857142857143,0.111111111111111,0,0,0,0.583333333333333,0,0.142857142857143,0,0,0.234375,0,0.357142857142857,0,0.142857142857143,0.111111111111111,0,0.5,0,0.982638888888889,0,0.448979591836735,0,0,0.234375,0,0.910714285714286,0.25,0.142857142857143,0.111111111111111,0,0.5,0,0.997106481481482
"Tragelaphus angasii","Male","Surgical",0,3,0,0,0,0,2,5,28,31,10,4,0,0,72,145,NA,NA,NA,NA,NA,NA,NA,NA,NA,NA,NA,NA,NA,NA,NA,NA,NA,NA,NA,NA,NA,NA,NA,NA,NA,NA,NA,NA,NA,NA,NA,NA,NA,NA,NA,NA,NA,NA,NA,NA,NA,NA
"Tragelaphus oryx","Male","Surgical",4,2,1,6,0,0,14,27,45,14,19,10,0,0,168,256,0,0,0,0,NA,0,0.166666666666667,0.0834311731122503,0.0266089108910892,0.0243039560329155,0.00666666666666671,NA,0,0.370858236167094,0.19,0,0,0.0909090909090909,NA,0,0.341563786008231,0.300894708719768,0.08731425728343,0.114903243267551,0.0641234286415744,NA,0,0.651319326969938,0.316233766233766,0.0769230769230769,0,0.155844155844156,NA,0,0.567860650481733,0.478048544647838,0.172165109619604,0.203797625826183,0.113955817506114,NA,0,0.897419198202476
"Tragelaphus strepsiceros","Female","Hormonal",1,3,1,3,0,0,7,15,24,19,34,8,17,0,143,245,0,0.125,0,0,0,0,0,0.0730122710783703,0.0374710049344995,0.0215313544469785,0,0.0147729144928331,0,0.216278967101455,0,0.125,0,0,0,0,0.25,0.12498188588545,0.11837709929332,0.110842090719635,0.0171683389074693,0.102618269476473,0,0.521082942652343,0.111111111111111,0.34375,0.0909090909090909,0.125,0,0,0.485714285714286,0.205740929865856,0.16002235626463,0.303655636585845,0.0903185944455887,0.175219594067282,0,0.753771493228392
"Tragelaphus strepsiceros","Male","Surgical",1,1,5,0,0,0,11,18,32,18,17,4,0,0,125,196,0,0,0,0,NA,0,0.314285714285714,0.123752117710636,0.0335242190080899,0.0176221804511278,0,NA,0,0.23220776008577,0,0,0.111111111111111,0,NA,0,0.52,0.221720900801593,0.0869851088378096,0.0763003075267743,0.0282451923076923,NA,0,0.539187680513141,0.1,0.111111111111111,0.222222222222222,0,NA,0,0.725714285714286,0.315969432570261,0.252738112956906,0.218000168826908,0.071813146648673,NA,0,0.845529672732618
"Ursus americanus","Male","Surgical",0,1,3,0,0,0,5,9,2,3,12,4,0,0,46,67,NA,NA,NA,NA,NA,NA,NA,NA,NA,NA,NA,NA,NA,NA,NA,NA,NA,NA,NA,NA,NA,NA,NA,NA,NA,NA,NA,NA,NA,NA,NA,NA,NA,NA,NA,NA,NA,NA,NA,NA,NA,NA
"Ursus arctos","Male","Surgical",0,1,7,2,0,0,2,12,1,0,10,4,0,0,19,34,NA,NA,NA,NA,NA,NA,NA,NA,NA,NA,NA,NA,NA,NA,NA,NA,NA,NA,NA,NA,NA,NA,NA,NA,NA,NA,NA,NA,NA,NA,NA,NA,NA,NA,NA,NA,NA,NA,NA,NA,NA,NA
"Ursus maritimus","Male","Surgical",0,0,2,1,0,0,7,10,1,3,7,4,0,0,32,47,NA,NA,NA,NA,NA,NA,NA,NA,NA,NA,NA,NA,NA,NA,NA,NA,NA,NA,NA,NA,NA,NA,NA,NA,NA,NA,NA,NA,NA,NA,NA,NA,NA,NA,NA,NA,NA,NA,NA,NA,NA,NA
"Varecia rubra","Female","Hormonal",2,2,5,2,0,0,19,30,2,7,13,4,1,0,83,110,0.5,0.325,0,0,0,0,0.333333333333333,0.0526315789473684,0.078525641025641,0.076923076923077,0.05,0,0,0.662667075556273,0.5,0.325,0.213445378151261,0,0,0,0.63903743315508,0.0864661654135338,0.139957264957265,0.144125105663567,0.05,0.032258064516129,0,0.890718879151737,0.6,0.325,0.410084033613445,0,0,0,0.898190045248869,0.0864661654135338,0.211627492877493,0.314122410097642,0.136363636363636,0.032258064516129,0,0.96737910074366
"Vicugna pacos","Male","Surgical",0,0,3,0,0,0,16,19,3,8,13,15,0,0,75,114,0,0,0,0,NA,0,0.307692307692308,0.0217391304347826,0.0677684117125111,0.0662525879917184,0.135294172691345,NA,0,0.576371327023165,0,0,0.228571428571429,0,NA,0,0.815910585141354,0.0513833992094861,0.127501738272949,0.155257470572085,0.247184589929787,NA,0,0.770186518338906,0,0,0.228571428571429,0,NA,0,0.953977646285339,0.0513833992094861,0.212783523253789,0.332549112550783,0.371953661799683,NA,0,0.925502810092
"Vulpes lagopus","Male","Surgical",1,2,2,0,0,0,7,12,4,9,6,4,0,0,63,86,NA,NA,NA,NA,NA,NA,NA,NA,NA,NA,NA,NA,NA,NA,NA,NA,NA,NA,NA,NA,NA,NA,NA,NA,NA,NA,NA,NA,NA,NA,NA,NA,NA,NA,NA,NA,NA,NA,NA,NA,NA,NA
"Vulpes vulpes","Female","Surgical",2,0,0,0,0,0,3,5,13,3,14,4,0,0,42,76,NA,NA,NA,NA,NA,NA,NA,NA,NA,NA,NA,NA,NA,NA,NA,NA,NA,NA,NA,NA,NA,NA,NA,NA,NA,NA,NA,NA,NA,NA,NA,NA,NA,NA,NA,NA,NA,NA,NA,NA,NA,NA
"Vulpes vulpes","Male","Surgical",2,0,0,2,0,0,3,7,16,4,20,10,0,0,85,135,NA,NA,NA,NA,NA,NA,NA,NA,NA,NA,NA,NA,NA,NA,NA,NA,NA,NA,NA,NA,NA,NA,NA,NA,NA,NA,NA,NA,NA,NA,NA,NA,NA,NA,NA,NA,NA,NA,NA,NA,NA,NA
"Vulpes zerda","Male","Surgical",0,1,3,2,0,0,9,15,7,6,41,8,0,0,90,152,0,0,0.1,0,NA,0,0.3,0.0859522758993447,0.0441176470588235,0.150575302606947,0,NA,0,0.246141972501811,0,0.125,0.382857142857143,0,NA,0,0.533333333333333,0.0978230255629896,0.0857685911142788,0.315849957487899,0.0138888888888888,NA,0,0.526558898951421,0,0.125,0.382857142857143,0.666666666666667,NA,0,1,0.0978230255629896,0.0857685911142788,0.589652308708882,0.338237098382026,NA,0,0.84886368353162
"Zalophus californianus","Female","Hormonal",0,0,1,1,0,0,8,10,5,10,18,4,3,0,108,148,NA,NA,NA,NA,NA,NA,NA,NA,NA,NA,NA,NA,NA,NA,NA,NA,NA,NA,NA,NA,NA,NA,NA,NA,NA,NA,NA,NA,NA,NA,NA,NA,NA,NA,NA,NA,NA,NA,NA,NA,NA,NA
"Zalophus californianus","Male","Surgical",1,3,4,0,0,0,11,19,0,9,14,6,0,0,62,91,0,0,0,0,NA,0,0.5,0,0.209115226337449,0.205882352941177,0,NA,0,0.478572592471892,0,0,0,0,NA,0,0.638888888888889,0,0.238407254991617,0.357881433823529,0.0526315789473684,NA,0,0.81473069247192,0,0.333333333333333,0.578125,0,NA,0,0.851851851851852,0,0.304895510508222,0.414387867647059,0.192243767313019,NA,0,0.94445373771128
