Species,Sex,Type,Contra_Behavioural_N,Contra_InfectDisease_N,Contra_NonInfectDisease_N,Contra_ChronDisease_N,Contra_deathAtBirth_N,Contra_Multiple_N,Contra_Other_N,Contra_Total_N,noContra_Behavioural_N,noContra_InfectDisease_N,noContra_NonInfectDisease_N,noContra_ChronDisease_N,noContra_deathAtBirth_N,noContra_Multiple_N,noContra_Other_N,noContra_Total_N,Contra_Behavioural_Low,Contra_InfectDisease_Low,Contra_NonInfectDisease_Low,Contra_ChronDisease_Low,Contra_deathAtBirth_Low,Contra_Multiple_Low,Contra_Other_Low,noContra_Behavioural_Low,noContra_InfectDisease_Low,noContra_NonInfectDisease_Low,noContra_ChronDisease_Low,noContra_deathAtBirth_Low,noContra_Multiple_Low,noContra_Other_Low,Contra_Behavioural_Med,Contra_InfectDisease_Med,Contra_NonInfectDisease_Med,Contra_ChronDisease_Med,Contra_deathAtBirth_Med,Contra_Multiple_Med,Contra_Other_Med,noContra_Behavioural_Med,noContra_InfectDisease_Med,noContra_NonInfectDisease_Med,noContra_ChronDisease_Med,noContra_deathAtBirth_Med,noContra_Multiple_Med,noContra_Other_Med,Contra_Behavioural_Upp,Contra_InfectDisease_Upp,Contra_NonInfectDisease_Upp,Contra_ChronDisease_Upp,Contra_deathAtBirth_Upp,Contra_Multiple_Upp,Contra_Other_Upp,noContra_Behavioural_Upp,noContra_InfectDisease_Upp,noContra_NonInfectDisease_Upp,noContra_ChronDisease_Upp,noContra_deathAtBirth_Upp,noContra_Multiple_Upp,noContra_Other_Upp
Addax nasomaculatus,Female,Hormonal,1,0,3,1,1,0,4,10,18,14,21,7,15,0,149,224,NA,NA,NA,NA,NA,NA,NA,NA,NA,NA,NA,NA,NA,NA,NA,NA,NA,NA,NA,NA,NA,NA,NA,NA,NA,NA,NA,NA,NA,NA,NA,NA,NA,NA,NA,NA,NA,NA,NA,NA,NA,NA
Addax nasomaculatus,Male,Surgical,4,2,3,1,0,0,13,23,35,14,8,4,0,0,125,186,0.111111111,0,0,0,NA,0,0.125,0.122926517,0.052229624,0,0,NA,0,0.446839568,0.17037037,0,0,0,NA,0,0.2890625,0.419293331,0.18993058,0.020833333,0.052083333,NA,0,0.743115649,0.274074074,0.2,0.076923077,0.142857143,NA,0,0.602683738,0.502046592,0.23996428,0.102430556,0.09,NA,0,0.879218566
Aepyceros melampus,Male,Surgical,7,9,0,0,0,0,16,32,51,20,9,1,0,0,104,185,0,0.085066163,0,0,NA,0,0,0.124385569,0.036873407,0.007407407,0,NA,0,0.202270955,0.085714286,0.121663516,0,0,NA,0,0.045454545,0.332252656,0.111598123,0.045384863,0,NA,0,0.463568403,0.294783543,0.279489603,0,0,NA,0,0.395369618,0.533189293,0.359585008,0.194320478,0.058823529,NA,0,0.830310872
Alouatta caraya,Female,Hormonal,1,3,1,2,0,0,10,17,0,6,4,1,3,0,16,30,0,0,0,0,0,0,0.209876543,0,0.281808036,0.090909091,0,0.066666667,0,0.301923077,0.142857143,0.222222222,0,0.220779221,0,0,0.377777778,0,0.476318359,0.090909091,0.142857143,0.265,0,0.749287749,0.142857143,0.377777778,0.25,0.220779221,0,0,0.769547325,0,0.476318359,0.772727273,0.142857143,0.265,0,0.874643875
Alouatta caraya,Male,Surgical,0,1,5,0,0,0,0,6,0,5,6,8,0,0,32,51,NA,NA,NA,NA,NA,NA,NA,NA,NA,NA,NA,NA,NA,NA,NA,NA,NA,NA,NA,NA,NA,NA,NA,NA,NA,NA,NA,NA,NA,NA,NA,NA,NA,NA,NA,NA,NA,NA,NA,NA,NA,NA
Ammotragus lervia,Male,Surgical,8,0,6,7,0,0,20,41,50,29,16,9,0,0,209,313,0.041666667,0,0.047619048,0.043478261,NA,0,0.167175663,0.129801705,0.058544022,0.023899639,0.015467626,NA,0,0.433363742,0.274186851,0,0.145502646,0.194508009,NA,0,0.368369704,0.307241361,0.176832623,0.062979693,0.03921223,NA,0,0.762861935,0.422311984,0,0.402449402,0.289271773,NA,0,0.673833133,0.42433347,0.357515013,0.301783754,0.193465868,NA,0,0.955487517
Antilope cervicapra,Male,Surgical,21,13,10,4,0,0,38,86,125,43,25,9,0,0,372,574,0.018867925,0.087183171,0.018181818,0,NA,0,0.019230769,0.105654541,0.041100499,0.002710027,0,NA,0,0.300088418,0.260790615,0.217286215,0.101996,0.03030303,NA,0,0.188441371,0.28869305,0.103645269,0.022468447,0,NA,0,0.59887817,0.356914913,0.283994776,0.101996,0.063740857,NA,0,0.575189636,0.509759822,0.206068702,0.150528029,0.089657957,NA,0,0.878498628
Aonyx cinereus,Female,Hormonal,0,2,6,3,0,0,11,22,21,19,49,19,1,0,183,292,0,0,0.0625,0,0,0,0.0625,0.092474657,0.046728426,0.033821128,0.007042254,0.006289308,0,0.369343872,0,0.125506073,0.114583333,0,0,0,0.283088235,0.116205347,0.109173705,0.159983061,0.095660354,0.006289308,0,0.643714499,0,0.125506073,0.4421875,0.427083333,0,0,0.586198116,0.185831203,0.158005329,0.437307243,0.198111392,0.006289308,0,0.853605653
Aonyx cinereus,Male,Hormonal,0,0,0,1,0,0,1,2,16,9,42,14,0,0,94,175,NA,NA,NA,NA,NA,NA,NA,NA,NA,NA,NA,NA,NA,NA,NA,NA,NA,NA,NA,NA,NA,NA,NA,NA,NA,NA,NA,NA,NA,NA,NA,NA,NA,NA,NA,NA,NA,NA,NA,NA,NA,NA
Aonyx cinereus,Male,Surgical,2,0,9,0,0,0,18,29,34,18,43,18,0,0,163,276,0.076923077,0,0.083333333,0,NA,0,0,0.093740139,0.046195645,0.029658384,0.014411321,NA,0,0.359610988,0.076923077,0,0.279761905,0,NA,0,0.226190476,0.262084021,0.145442616,0.21472519,0.050542245,NA,0,0.650111005,0.153846154,0,0.532312925,0,NA,0,0.525162338,0.277143531,0.182705293,0.449254615,0.250228925,NA,0,0.818240062
Artibeus jamaicensis,Male,Surgical,1,0,0,2,0,0,22,25,20,2,7,11,0,0,93,133,0,0,0,0,NA,0,0,0,0,0.034482759,0,NA,0,0.243283628,0,0,0,0,NA,0,0.479166667,0.272427984,0,0.08045977,0.295536409,NA,0,0.839233979,0,0,0,0,NA,0,0.6875,0.555122919,0.105882353,0.264244883,0.452534462,NA,0,0.979773127
Atelerix albiventris,Female,Surgical,0,1,8,0,0,0,4,13,11,20,95,45,0,0,320,491,NA,NA,NA,NA,NA,NA,NA,NA,NA,NA,NA,NA,NA,NA,NA,NA,NA,NA,NA,NA,NA,NA,NA,NA,NA,NA,NA,NA,NA,NA,NA,NA,NA,NA,NA,NA,NA,NA,NA,NA,NA,NA
Ateles geoffroyi,Male,Surgical,1,1,2,0,0,0,4,8,4,1,1,1,0,0,12,19,NA,NA,NA,NA,NA,NA,NA,NA,NA,NA,NA,NA,NA,NA,NA,NA,NA,NA,NA,NA,NA,NA,NA,NA,NA,NA,NA,NA,NA,NA,NA,NA,NA,NA,NA,NA,NA,NA,NA,NA,NA,NA
Axis axis,Female,Hormonal,0,0,6,1,0,0,22,29,22,53,28,8,9,0,222,342,0,0,0,0,0,0,0,0.068725568,0.225801338,0.009345794,0,0.017860016,0,0.486093733,0,0,0,0,0,0,0.096618357,0.137757767,0.327389026,0.09096682,0.04598931,0.045924652,0,0.714518509,0,0,0.17037037,0,0,0,0.693941849,0.26312551,0.468456353,0.33678567,0.068346881,0.114611474,0,0.936486598
Bison bison,Male,Surgical,1,2,4,1,0,0,15,23,15,8,12,5,0,0,113,153,0,0,0,0,NA,0,0.4,0.133413548,0.047078843,0.024390244,0.038951584,NA,0,0.649677344,0.166666667,0.285714286,0,0,NA,0,0.636363636,0.319331868,0.142594732,0.05803196,0.038951584,NA,0,0.884901093,0.166666667,0.285714286,0.34375,0,NA,0,0.852236652,0.343641444,0.218151518,0.222340049,0.068984347,NA,0,0.953239313
Bos grunniens,Male,Surgical,0,0,2,0,0,0,5,7,1,3,10,4,0,0,63,81,NA,NA,NA,NA,NA,NA,NA,NA,NA,NA,NA,NA,NA,NA,NA,NA,NA,NA,NA,NA,NA,NA,NA,NA,NA,NA,NA,NA,NA,NA,NA,NA,NA,NA,NA,NA,NA,NA,NA,NA,NA,NA
Boselaphus tragocamelus,Male,Surgical,3,1,1,3,0,0,13,21,19,11,19,3,0,0,126,178,0.090909091,0,0,0,NA,0,0,0.090478677,0,0.017857143,0.022988506,NA,0,0.417853775,0.181818182,0,0,0.125,NA,0,0.222222222,0.17514608,0.110069129,0.035087719,0.042528736,NA,0,0.696785586,0.256198347,0.142857143,0.111111111,0.416666667,NA,0,0.744791667,0.321588489,0.185228867,0.353248772,0.042528736,NA,0,0.909719888
Callimico goeldii,Female,Hormonal,2,2,1,1,1,0,8,15,15,27,16,5,10,0,118,191,0.1,0,0,0,0,0,0,0.036182776,0.060305577,0.012820513,0.012820513,0.011764706,0,0.190078718,0.2,0.2,0.25,0,0.166666667,0,0.25,0.139894466,0.244918618,0.067825273,0.012820513,0.096019906,0,0.542637469,0.2,0.2,0.25,0,0.166666667,0,0.4,0.228419174,0.307159466,0.214130114,0.063858364,0.165752853,0,0.868088528
Callithrix geoffroyi,Female,Hormonal,1,6,6,4,0,0,13,30,16,40,13,10,6,0,172,257,0,0.041666667,0,0,0,0,0,0.049299012,0.068101687,0,0.007194245,0.007751938,0,0.224615835,0,0.085227273,0,0.090909091,0,0,0.086956522,0.09077506,0.219739006,0.039850017,0.026261982,0.047370061,0,0.524803788,0.047619048,0.18528054,0.055555556,0.138755981,0,0,0.342861441,0.138730504,0.34767319,0.140142397,0.057926132,0.059130924,0,0.854661707
Callithrix jacchus,Female,Hormonal,2,3,6,2,1,0,25,39,35,63,43,24,14,0,291,470,0,0,0,0,0,0,0.129166667,0.033292534,0.072974341,0.016444673,0.012453168,0.008196998,0,0.179346977,0,0,0,0,0.043478261,0,0.321227811,0.123932058,0.187719997,0.08104127,0.079206322,0.045386535,0,0.581035197,0.092970522,0.115384615,0.170459987,0.058823529,0.043478261,0,0.616503906,0.19281084,0.356226676,0.291122887,0.174926425,0.089013666,0,0.880005064
Callithrix jacchus,Male,Surgical,2,1,2,1,0,0,9,15,50,58,53,26,0,0,279,466,0,0.166666667,0.166666667,0,NA,0,0,0.071437044,0.084503479,0.018734213,0.009049774,NA,0,0.252261458,0.2,0.166666667,0.166666667,0,NA,0,0.421296296,0.173060669,0.183150441,0.109864319,0.082203607,NA,0,0.566186741,0.36,0.166666667,0.166666667,0.25,NA,0,0.782986111,0.273832179,0.35503922,0.280935245,0.188412937,NA,0,0.862848593
Camelus bactrianus,Male,Surgical,0,1,3,5,0,0,8,17,10,10,18,15,0,0,93,146,0,0,0,0,NA,0,0.393939394,0.12813613,0.155493748,0.052083333,0.083333333,NA,0,0.508633267,0,0.111111111,0.1,0.166666667,NA,0,0.46969697,0.185934762,0.189273998,0.152020164,0.159393908,NA,0,0.754778793,0,0.111111111,0.46,1,NA,0,0.810606061,0.24304393,0.227879998,0.391618991,0.441477138,NA,0,0.916689583
Camelus dromedarius,Male,Surgical,0,0,1,2,0,0,5,8,4,3,4,0,0,0,35,46,NA,NA,NA,NA,NA,NA,NA,NA,NA,NA,NA,NA,NA,NA,NA,NA,NA,NA,NA,NA,NA,NA,NA,NA,NA,NA,NA,NA,NA,NA,NA,NA,NA,NA,NA,NA,NA,NA,NA,NA,NA,NA
Canis latrans,Female,Surgical,2,0,1,0,0,0,1,4,5,0,7,2,0,0,10,24,NA,NA,NA,NA,NA,NA,NA,NA,NA,NA,NA,NA,NA,NA,NA,NA,NA,NA,NA,NA,NA,NA,NA,NA,NA,NA,NA,NA,NA,NA,NA,NA,NA,NA,NA,NA,NA,NA,NA,NA,NA,NA
Canis latrans,Male,Surgical,1,0,2,2,0,0,6,11,4,0,6,4,0,0,20,34,NA,NA,NA,NA,NA,NA,NA,NA,NA,NA,NA,NA,NA,NA,NA,NA,NA,NA,NA,NA,NA,NA,NA,NA,NA,NA,NA,NA,NA,NA,NA,NA,NA,NA,NA,NA,NA,NA,NA,NA,NA,NA
Canis lupus,Female,Hormonal,2,0,1,1,0,0,2,6,21,6,46,23,1,0,99,196,NA,NA,NA,NA,NA,NA,NA,NA,NA,NA,NA,NA,NA,NA,NA,NA,NA,NA,NA,NA,NA,NA,NA,NA,NA,NA,NA,NA,NA,NA,NA,NA,NA,NA,NA,NA,NA,NA,NA,NA,NA,NA
Canis lupus,Female,Surgical,1,0,12,6,0,0,9,28,24,6,35,18,1,0,99,183,0,0,0,0,0,0,0.055555556,0.165186219,0.016393443,0,0,0,0,0.431880316,0.047619048,0,0.132936508,0.09382151,0,0,0.143560606,0.272696596,0.056476853,0.141196976,0.028367347,0.014492754,0,0.658831563,0.047619048,0,0.444302165,0.358387608,0,0,0.410206667,0.31410247,0.071453411,0.493236409,0.227283816,0.014492754,0,0.780840191
Canis lupus,Male,Surgical,1,6,10,1,0,0,9,27,24,11,39,28,0,0,111,213,0,0.0625,0.090909091,0,NA,0,0.083333333,0.145441085,0.045735706,0.032396908,0.034952741,NA,0,0.277349207,0.0625,0.221453287,0.272727273,0,NA,0,0.140625,0.214211292,0.076634848,0.133771951,0.085954234,NA,0,0.540973354,0.0625,0.37716263,0.555555556,0.083333333,NA,0,0.562937063,0.237214081,0.17406854,0.405252469,0.280420459,NA,0,0.753857131
Capra hircus,Male,Surgical,3,12,23,10,0,0,135,183,43,38,70,32,0,0,1188,1371,0,0.025,0,0,NA,0,0.024390244,0.015968424,0.011071772,0.016616217,0,NA,0,0.375138888,0.044117647,0.0705,0,0.02,NA,0,0.391034368,0.083382056,0.042214859,0.036272902,0.009174343,NA,0,0.882986499,0.055774749,0.132186602,0.129927309,0.095216136,NA,0,0.771143137,0.106910909,0.150959577,0.208169755,0.096902103,NA,0,0.960632762
Capra nubiana,Male,Surgical,1,0,1,0,0,0,6,8,35,236,13,2,0,0,118,404,NA,NA,NA,NA,NA,NA,NA,NA,NA,NA,NA,NA,NA,NA,NA,NA,NA,NA,NA,NA,NA,NA,NA,NA,NA,NA,NA,NA,NA,NA,NA,NA,NA,NA,NA,NA,NA,NA,NA,NA,NA,NA
Cavia porcellus,Female,Surgical,0,2,3,0,0,0,10,15,25,49,187,57,8,0,466,792,0,0.285714286,0.142857143,0,0,0,0,0.028182167,0.037314588,0.060911078,0.008624912,0.002109705,0,0.232240155,0,0.285714286,0.142857143,0,0,0,0.111111111,0.049804261,0.07521957,0.175291952,0.07685682,0.014661677,0,0.496801727,0,0.285714286,0.382857143,0,0,0,0.567901235,0.075391925,0.131647718,0.488681765,0.175042339,0.019793648,0,0.796637565
Cavia porcellus,Male,Surgical,1,6,22,8,0,0,19,56,9,28,62,24,0,0,269,392,0,0.03125,0,0,NA,0,0.03030303,0.018658033,0.018644019,0.042645447,0.005586592,NA,0,0.243607117,0,0.109441964,0.050657895,0.025641026,NA,0,0.123753519,0.035297285,0.095084739,0.10704393,0.044295685,NA,0,0.553159769,0.1,0.245112915,0.643931476,0.296003952,NA,0,0.493699839,0.052917055,0.16446241,0.342479642,0.116142165,NA,0,0.828142015
Cebuella pygmaea,Female,Hormonal,0,2,1,1,0,0,4,8,28,52,38,10,6,0,239,373,NA,NA,NA,NA,NA,NA,NA,NA,NA,NA,NA,NA,NA,NA,NA,NA,NA,NA,NA,NA,NA,NA,NA,NA,NA,NA,NA,NA,NA,NA,NA,NA,NA,NA,NA,NA,NA,NA,NA,NA,NA,NA
Cebus capucinus,Male,Surgical,0,0,2,1,0,0,2,5,4,2,1,2,0,0,20,29,NA,NA,NA,NA,NA,NA,NA,NA,NA,NA,NA,NA,NA,NA,NA,NA,NA,NA,NA,NA,NA,NA,NA,NA,NA,NA,NA,NA,NA,NA,NA,NA,NA,NA,NA,NA,NA,NA,NA,NA,NA,NA
Cercopithecus neglectus,Female,Hormonal,3,2,6,1,0,0,1,13,5,3,6,1,2,0,29,46,NA,NA,NA,NA,NA,NA,NA,NA,NA,NA,NA,NA,NA,NA,NA,NA,NA,NA,NA,NA,NA,NA,NA,NA,NA,NA,NA,NA,NA,NA,NA,NA,NA,NA,NA,NA,NA,NA,NA,NA,NA,NA
Cervus elaphus,Male,Surgical,5,0,0,0,0,0,3,8,22,0,3,2,0,0,39,66,NA,NA,NA,NA,NA,NA,NA,NA,NA,NA,NA,NA,NA,NA,NA,NA,NA,NA,NA,NA,NA,NA,NA,NA,NA,NA,NA,NA,NA,NA,NA,NA,NA,NA,NA,NA,NA,NA,NA,NA,NA,NA
Chinchilla lanigera,Male,Surgical,0,1,5,1,0,0,9,16,14,15,21,9,0,0,203,262,0,0,0,0,NA,0,0,0,0.015625,0,0,NA,0,0.316884401,0,0,0,0.166666667,NA,0,0.325,0.058279853,0.03825431,0.065841814,0,NA,0,0.717505431,0,0,0.453125,0.166666667,NA,0,0.685,0.163580552,0.221190886,0.170396474,0.0769335,NA,0,0.92479318
Colobus guereza,Female,Hormonal,2,1,1,3,0,0,13,20,9,16,9,2,3,0,47,86,0.125,0,0,0,0,0,0,0.170361159,0.09280599,0,0,0,0,0.216143096,0.270833333,0,0,0,0,0,0.375,0.224991395,0.401241475,0.037037037,0.041666667,0.04,0,0.54485989,0.270833333,0,0,0,0,0,0.730834961,0.273429433,0.524319616,0.33968254,0.105555556,0.286857143,0,0.905523446
Cynomys ludovicianus,Female,Surgical,0,0,0,0,0,0,27,27,51,28,27,19,2,0,331,458,0,0,0,0,0,0,0.125,0.113582034,0.085966632,0.031886599,0.009345794,0,0,0.356930848,0,0,0,0,0,0,0.626881198,0.229181591,0.131840502,0.076622079,0.0322041,0.006024096,0,0.692962984,0,0,0,0,0,0,0.977545845,0.317280318,0.248496734,0.246452354,0.218007652,0.024096386,0,0.953104289
Cynomys ludovicianus,Male,Surgical,2,1,2,1,0,0,45,51,43,13,28,9,0,0,288,381,0,0,0,0,NA,0,0.066666667,0.092597222,0.054213539,0.053366288,0.016601834,NA,0,0.392199452,0.027777778,0,0,0,NA,0,0.308783784,0.205348384,0.090221298,0.115867291,0.024796819,NA,0,0.714706287,0.071969697,0.090909091,0.164285714,0,NA,0,0.833618414,0.337505617,0.150128601,0.275105352,0.157924692,NA,0,0.967663433
Dama dama,Male,Surgical,10,1,3,1,0,0,15,30,71,10,10,5,0,0,308,404,0.04,0,0,0,NA,0,0,0.072146774,0.005555556,0,0,NA,0,0.431940193,0.362059369,0,0,0,NA,0,0.430212958,0.32249022,0.042281482,0.006802721,0.008130081,NA,0,0.790246379,0.502903405,0.25,0.444444444,0,NA,0,0.707509319,0.54362716,0.109546187,0.108253376,0.068723638,NA,0,0.954921059
Desmodus rotundus,Male,Surgical,3,0,1,1,0,0,9,14,24,12,7,0,0,0,145,188,NA,NA,NA,NA,NA,NA,NA,NA,NA,NA,NA,NA,NA,NA,NA,NA,NA,NA,NA,NA,NA,NA,NA,NA,NA,NA,NA,NA,NA,NA,NA,NA,NA,NA,NA,NA,NA,NA,NA,NA,NA,NA
Didelphis virginiana,Male,Surgical,0,0,6,1,0,0,24,31,4,6,36,16,0,0,188,250,0,0,0,0,NA,0,0,0.05,0.055555556,0,0,NA,0,0.418628591,0,0,0,0,NA,0,0,0.05,0.055555556,0,0,NA,0,0.590449375,0,0,0,0,NA,0,0.24137931,0.076397942,0.088091069,0.138739092,0.048533639,NA,0,0.878013081
Dolichotis patagonum,Male,Surgical,6,4,5,1,0,0,7,23,150,81,42,14,0,0,542,829,0,0.076923077,0,0,NA,0,0,0.066559516,0.023919997,0.020136156,0.002304147,NA,0,0.265971884,0.160839161,0.153846154,0.076923077,0,NA,0,0,0.249278824,0.147259711,0.04901193,0.02028216,NA,0,0.626392022,0.347319347,0.398290598,0.321821036,0.142857143,NA,0,0.407407407,0.446591947,0.268973662,0.129516682,0.040034926,NA,0,0.845337457
Eidolon helvum,Female,Surgical,0,0,0,0,0,0,13,13,11,2,11,6,1,0,63,94,NA,NA,NA,NA,NA,NA,NA,NA,NA,NA,NA,NA,NA,NA,NA,NA,NA,NA,NA,NA,NA,NA,NA,NA,NA,NA,NA,NA,NA,NA,NA,NA,NA,NA,NA,NA,NA,NA,NA,NA,NA,NA
Eidolon helvum,Male,Surgical,3,1,3,1,0,0,10,18,13,0,8,9,0,0,94,124,0,0,0,0,NA,0,0.55,0.076614309,0,0.022727273,0,NA,0,0.619703274,0.191919192,0.1,0,0.125,NA,0,0.614285714,0.185627016,0,0.067425817,0.091891892,NA,0,0.81441112,0.326599327,0.1,0.4,0.125,NA,0,0.742857143,0.430756008,0,0.308203446,0.19946066,NA,0,0.938753674
Equus caballus,Male,Surgical,0,0,5,2,0,0,9,16,6,2,8,4,0,0,51,71,0,0,0,0,NA,0,0.1,0.211306043,0.071428571,0.158854167,0.0625,NA,0,0.679259737,0,0,0.333333333,0.090909091,NA,0,0.67,0.316465237,0.071428571,0.331065089,0.213286713,NA,0,0.929022761,0,0,1,0.393939394,NA,0,1,0.316465237,0.1875,0.643234714,0.213286713,NA,0,0.985333785
Equus quagga,Male,Surgical,0,0,1,0,0,0,1,2,6,4,3,1,0,0,35,49,NA,NA,NA,NA,NA,NA,NA,NA,NA,NA,NA,NA,NA,NA,NA,NA,NA,NA,NA,NA,NA,NA,NA,NA,NA,NA,NA,NA,NA,NA,NA,NA,NA,NA,NA,NA,NA,NA,NA,NA,NA,NA
Erythrocebus patas,Female,Hormonal,5,1,1,1,0,0,6,14,7,10,13,2,2,0,53,87,NA,NA,NA,NA,NA,NA,NA,NA,NA,NA,NA,NA,NA,NA,NA,NA,NA,NA,NA,NA,NA,NA,NA,NA,NA,NA,NA,NA,NA,NA,NA,NA,NA,NA,NA,NA,NA,NA,NA,NA,NA,NA
Erythrocebus patas,Male,Surgical,5,1,1,0,0,0,6,13,8,10,7,3,0,0,40,68,NA,NA,NA,NA,NA,NA,NA,NA,NA,NA,NA,NA,NA,NA,NA,NA,NA,NA,NA,NA,NA,NA,NA,NA,NA,NA,NA,NA,NA,NA,NA,NA,NA,NA,NA,NA,NA,NA,NA,NA,NA,NA
Eudorcas thomsonii,Male,Surgical,7,1,3,2,0,0,11,24,35,9,2,1,0,0,76,123,0.090909091,0,0,0.090909091,NA,0,0,0.154341123,0.059386906,0,0,NA,0,0.126550075,0.090909091,0,0,0.173553719,NA,0,0.090909091,0.299285446,0.095728776,0,0,NA,0,0.480142595,0.452728342,0.1,0.125,0.173553719,NA,0,0.612121212,0.473918982,0.16154919,0.071969697,0,NA,0,0.801814367
Eulemur coronatus,Female,Hormonal,0,0,1,0,0,0,5,6,0,0,2,0,0,0,2,4,NA,NA,NA,NA,NA,NA,NA,NA,NA,NA,NA,NA,NA,NA,NA,NA,NA,NA,NA,NA,NA,NA,NA,NA,NA,NA,NA,NA,NA,NA,NA,NA,NA,NA,NA,NA,NA,NA,NA,NA,NA,NA
Eulemur macaco,Female,Hormonal,1,0,2,1,0,0,3,7,3,1,4,7,2,0,40,57,NA,NA,NA,NA,NA,NA,NA,NA,NA,NA,NA,NA,NA,NA,NA,NA,NA,NA,NA,NA,NA,NA,NA,NA,NA,NA,NA,NA,NA,NA,NA,NA,NA,NA,NA,NA,NA,NA,NA,NA,NA,NA
Eulemur mongoz,Female,Hormonal,0,0,2,2,0,0,4,8,0,2,2,2,0,0,5,11,NA,NA,NA,NA,NA,NA,NA,NA,NA,NA,NA,NA,NA,NA,NA,NA,NA,NA,NA,NA,NA,NA,NA,NA,NA,NA,NA,NA,NA,NA,NA,NA,NA,NA,NA,NA,NA,NA,NA,NA,NA,NA
Felis catus,Female,Surgical,0,0,2,1,0,0,3,6,3,1,8,7,0,0,17,36,NA,NA,NA,NA,NA,NA,NA,NA,NA,NA,NA,NA,NA,NA,NA,NA,NA,NA,NA,NA,NA,NA,NA,NA,NA,NA,NA,NA,NA,NA,NA,NA,NA,NA,NA,NA,NA,NA,NA,NA,NA,NA
Felis catus,Male,Surgical,1,0,1,2,0,0,5,9,4,1,8,6,0,0,34,53,NA,NA,NA,NA,NA,NA,NA,NA,NA,NA,NA,NA,NA,NA,NA,NA,NA,NA,NA,NA,NA,NA,NA,NA,NA,NA,NA,NA,NA,NA,NA,NA,NA,NA,NA,NA,NA,NA,NA,NA,NA,NA
Giraffa camelopardalis,Female,Hormonal,1,0,1,0,0,0,3,5,11,7,9,5,5,0,80,117,NA,NA,NA,NA,NA,NA,NA,NA,NA,NA,NA,NA,NA,NA,NA,NA,NA,NA,NA,NA,NA,NA,NA,NA,NA,NA,NA,NA,NA,NA,NA,NA,NA,NA,NA,NA,NA,NA,NA,NA,NA,NA
Hemitragus jemlahicus,Male,Surgical,0,0,0,0,0,0,13,13,6,2,4,1,0,0,47,60,NA,NA,NA,NA,NA,NA,NA,NA,NA,NA,NA,NA,NA,NA,NA,NA,NA,NA,NA,NA,NA,NA,NA,NA,NA,NA,NA,NA,NA,NA,NA,NA,NA,NA,NA,NA,NA,NA,NA,NA,NA,NA
Hippopotamus amphibius,Female,Hormonal,0,1,2,0,0,0,2,5,3,0,6,2,0,0,13,24,NA,NA,NA,NA,NA,NA,NA,NA,NA,NA,NA,NA,NA,NA,NA,NA,NA,NA,NA,NA,NA,NA,NA,NA,NA,NA,NA,NA,NA,NA,NA,NA,NA,NA,NA,NA,NA,NA,NA,NA,NA,NA
Hydrochoerus hydrochaeris,Female,Hormonal,0,1,3,3,0,0,8,15,56,52,60,24,11,0,380,583,0,0,0,0.076923077,0,0,0.071428571,0.087347197,0.038825627,0.025495099,0.016655885,0.006535948,0,0.346817057,0,0.083333333,0,0.169230769,0,0,0.343434343,0.174331207,0.158158446,0.095075258,0.038268554,0.038978748,0,0.619662811,0,0.083333333,0.36,0.446153846,0,0,0.648268398,0.20293099,0.230585349,0.259225856,0.116796455,0.053947927,0,0.832888457
Hydrochoerus hydrochaeris,Male,Surgical,7,3,4,2,0,0,24,40,76,36,32,15,0,0,274,433,0.108359133,0,0,0,NA,0,0.161184211,0.11540787,0.035442404,0.00462963,0,NA,0,0.265631056,0.223794781,0.058823529,0,0.066666667,NA,0,0.314967105,0.234988476,0.121214645,0.061540565,0.023847528,NA,0,0.54308494,0.269453912,0.177459219,0.183333333,0.066666667,NA,0,0.621367873,0.375309109,0.159928186,0.208805417,0.124450335,NA,0,0.822364564
Kobus megaceros,Male,Surgical,0,1,5,0,0,0,12,18,24,10,6,1,0,0,69,110,0,0.125,0.142857143,0,NA,0,0.111111111,0.052978056,0.075471698,0,0,NA,0,0.272571899,0,0.125,0.142857143,0,NA,0,0.717813051,0.26867032,0.11618571,0.018181818,0,NA,0,0.616621771,0,0.125,0.285714286,0,NA,0,0.811875367,0.531273448,0.250679189,0.184335664,0.058823529,NA,0,0.850050877
Lama glama,Male,Surgical,0,2,7,5,0,0,33,47,11,11,17,13,0,0,126,178,0,0.1,0,0.111111111,NA,0,0.076923077,0.119641394,0.141225441,0.068685776,0.048959608,NA,0,0.752804497,0,0.140909091,0.181538462,0.111111111,NA,0,0.664744639,0.209779836,0.188308834,0.164652113,0.178392501,NA,0,0.915708452,0,0.140909091,0.420952381,0.259259259,NA,0,0.876161828,0.242705676,0.295001718,0.395145417,0.312262814,NA,0,0.969862491
Lama guanicoe,Male,Surgical,0,1,2,0,0,0,10,13,8,7,7,2,0,0,59,83,NA,NA,NA,NA,NA,NA,NA,NA,NA,NA,NA,NA,NA,NA,NA,NA,NA,NA,NA,NA,NA,NA,NA,NA,NA,NA,NA,NA,NA,NA,NA,NA,NA,NA,NA,NA,NA,NA,NA,NA,NA,NA
Lemur catta,Female,Hormonal,9,8,13,8,0,0,43,81,86,81,55,27,11,0,426,686,0.077597348,0,0.048444976,0,0,0,0.118087681,0.185130735,0.127778208,0.032413223,0.03332282,0.023376123,0,0.481813635,0.141043033,0.112195122,0.114050764,0.053323594,0,0,0.430164674,0.350863647,0.306171792,0.203210318,0.101782925,0.047422784,0,0.826770067,0.268295917,0.241781548,0.409095621,0.312128704,0,0,0.806850288,0.375838369,0.447429568,0.456682513,0.251337715,0.069575743,0,0.965302236
Lemur catta,Female,Surgical,0,4,4,2,0,0,9,19,95,85,64,33,11,0,460,748,0,0.6,0.5,0,0,0,0,0.17200839,0.103874865,0.031671712,0.028723418,0.020497525,0,0.433231348,0,0.65,0.5,0,0,0,0.50617284,0.319582948,0.26804517,0.183214429,0.089595916,0.039442638,0,0.781744856,0,0.65,0.875,0.6,0,0,0.647266314,0.363471895,0.415082221,0.430313522,0.251863405,0.056916061,0,0.950256486
Lemur catta,Male,Surgical,4,7,4,5,0,0,22,42,65,88,50,31,0,0,400,634,0.071428571,0.191111111,0.147928994,0,NA,0,0.133333333,0.141793986,0.208177339,0.048572732,0.038083723,NA,0,0.555410073,0.222407407,0.383703704,0.192774836,0.083333333,NA,0,0.573096193,0.287147663,0.391881294,0.133347286,0.114789176,NA,0,0.855077865,0.222407407,0.383703704,0.2600436,0.619753086,NA,0,1,0.401268549,0.449397097,0.389832693,0.239193295,NA,0,0.960559089
Leontopithecus chrysomelas,Female,Hormonal,1,3,1,3,0,0,15,23,13,12,10,4,7,0,80,126,0.1,0,0,0,0,0,0.076923077,0.067723006,0.03203125,0,0.031746032,0.033611031,0,0.241029763,0.1,0,0.090909091,0.083333333,0,0,0.230769231,0.197960223,0.114276961,0.104785438,0.031746032,0.080170312,0,0.620796278,0.1,0.222222222,0.090909091,0.363425926,0,0,0.676323676,0.260792832,0.338050783,0.221708494,0.112433862,0.1598946,0,0.915922928
Leontopithecus rosalia,Female,Hormonal,2,3,7,6,1,0,29,48,6,14,14,7,9,0,73,123,0,0,0,0,0.045454545,0,0.041666667,0.06253858,0.041250543,0.02173913,0,0.043972332,0,0.277209821,0.08173913,0.086956522,0.045454545,0,0.045454545,0,0.442369792,0.086576053,0.232155241,0.188722429,0.027027027,0.131470904,0,0.544041682,0.08173913,0.137681159,0.125,0.193277311,0.045454545,0,0.692913434,0.16297151,0.323676904,0.337508931,0.111633373,0.226462385,0,0.8227121
Leopardus pardalis,Male,Surgical,0,0,5,1,0,0,2,8,2,4,12,8,0,0,41,67,NA,NA,NA,NA,NA,NA,NA,NA,NA,NA,NA,NA,NA,NA,NA,NA,NA,NA,NA,NA,NA,NA,NA,NA,NA,NA,NA,NA,NA,NA,NA,NA,NA,NA,NA,NA,NA,NA,NA,NA,NA,NA
Leptailurus serval,Female,Hormonal,3,0,2,0,0,0,6,11,16,13,33,7,1,0,74,144,NA,NA,NA,NA,NA,NA,NA,NA,NA,NA,NA,NA,NA,NA,NA,NA,NA,NA,NA,NA,NA,NA,NA,NA,NA,NA,NA,NA,NA,NA,NA,NA,NA,NA,NA,NA,NA,NA,NA,NA,NA,NA
Leptailurus serval,Female,Surgical,0,1,2,0,0,0,5,8,19,12,33,7,1,0,75,147,NA,NA,NA,NA,NA,NA,NA,NA,NA,NA,NA,NA,NA,NA,NA,NA,NA,NA,NA,NA,NA,NA,NA,NA,NA,NA,NA,NA,NA,NA,NA,NA,NA,NA,NA,NA,NA,NA,NA,NA,NA,NA
Leptailurus serval,Male,Surgical,0,1,2,3,0,0,6,12,9,8,17,16,0,0,65,115,NA,NA,NA,NA,NA,NA,NA,NA,NA,NA,NA,NA,NA,NA,NA,NA,NA,NA,NA,NA,NA,NA,NA,NA,NA,NA,NA,NA,NA,NA,NA,NA,NA,NA,NA,NA,NA,NA,NA,NA,NA,NA
Lycaon pictus,Female,Hormonal,3,3,5,0,0,0,10,21,18,19,10,10,1,0,64,122,0.083333333,0.071428571,0.076923077,0,0,0,0.076923077,0.107975268,0.06283565,0.017241379,0.048260851,0.015873016,0,0.233857028,0.224358974,0.155844156,0.076923077,0,0,0,0.238461538,0.243520388,0.201123071,0.050055149,0.065256193,0.015873016,0,0.395953966,0.224358974,0.261363636,0.261538462,0,0,0,0.477802198,0.258353322,0.302898352,0.068681519,0.087511998,0.015873016,0,0.719331358
Lycaon pictus,Female,Surgical,2,1,5,2,0,0,9,19,19,21,10,8,1,0,65,124,0.071428571,0,0,0.083333333,0,0,0,0.12359006,0.078227796,0.01754386,0.032840722,0.016393443,0,0.246554227,0.071428571,0,0,0.083333333,0,0,0.0625,0.276506701,0.241127957,0.090516211,0.05180463,0.016393443,0,0.440298624,0.133333333,0.071428571,0.083333333,0.083333333,0,0,0.415584416,0.276506701,0.355386282,0.122997775,0.07675714,0.016393443,0,0.728090053
Lycaon pictus,Male,Hormonal,1,0,3,0,0,0,2,6,12,6,20,8,0,0,66,112,NA,NA,NA,NA,NA,NA,NA,NA,NA,NA,NA,NA,NA,NA,NA,NA,NA,NA,NA,NA,NA,NA,NA,NA,NA,NA,NA,NA,NA,NA,NA,NA,NA,NA,NA,NA,NA,NA,NA,NA,NA,NA
Lynx lynx,Male,Surgical,0,0,4,0,0,0,4,8,2,1,22,9,0,0,46,80,NA,NA,NA,NA,NA,NA,NA,NA,NA,NA,NA,NA,NA,NA,NA,NA,NA,NA,NA,NA,NA,NA,NA,NA,NA,NA,NA,NA,NA,NA,NA,NA,NA,NA,NA,NA,NA,NA,NA,NA,NA,NA
Lynx rufus,Female,Surgical,0,0,3,3,0,0,4,10,1,0,15,19,0,0,25,60,NA,NA,NA,NA,NA,NA,NA,NA,NA,NA,NA,NA,NA,NA,NA,NA,NA,NA,NA,NA,NA,NA,NA,NA,NA,NA,NA,NA,NA,NA,NA,NA,NA,NA,NA,NA,NA,NA,NA,NA,NA,NA
Lynx rufus,Male,Surgical,0,2,8,3,0,0,6,19,3,0,14,15,0,0,30,62,0,0.25,0,0.142857143,NA,0,0,0.113333333,0,0,0.066666667,NA,0,0.328995028,0,0.25,0,0.142857143,NA,0,0.076923077,0.14020202,0,0.074074074,0.126819127,NA,0,0.479344845,0,0.318181818,0.416607143,0.220779221,NA,0,0.282051282,0.14020202,0,0.352649845,0.343625969,NA,0,0.667308868
Macaca fascicularis,Female,Surgical,1,1,1,0,0,0,2,5,10,13,16,3,0,0,44,86,NA,NA,NA,NA,NA,NA,NA,NA,NA,NA,NA,NA,NA,NA,NA,NA,NA,NA,NA,NA,NA,NA,NA,NA,NA,NA,NA,NA,NA,NA,NA,NA,NA,NA,NA,NA,NA,NA,NA,NA,NA,NA
Macaca fascicularis,Male,Surgical,4,0,0,1,0,0,4,9,18,15,9,0,0,0,70,112,NA,NA,NA,NA,NA,NA,NA,NA,NA,NA,NA,NA,NA,NA,NA,NA,NA,NA,NA,NA,NA,NA,NA,NA,NA,NA,NA,NA,NA,NA,NA,NA,NA,NA,NA,NA,NA,NA,NA,NA,NA,NA
Macaca fuscata,Female,Hormonal,2,0,6,1,1,0,9,19,5,1,20,4,0,0,52,82,0,0,0.142857143,0,0,0,0,0.261538462,0.055555556,0.058823529,0,0,0,0.411538462,0,0,0.298701299,0,0.076923077,0,0.341880342,0.287002653,0.055555556,0.217777778,0.037037037,0,0,0.751265562,0.238095238,0,0.688311688,0,0.076923077,0,0.708473558,0.287002653,0.055555556,0.535651747,0.162878788,0,0,0.893778742
Macaca fuscata,Male,Surgical,1,1,1,3,0,0,10,16,6,1,7,4,0,0,32,50,0,0,0,0,NA,0,0.166666667,0.047619048,0,0,0.095238095,NA,0,0.335614669,0.166666667,0,0,0,NA,0,0.5,0.25269523,0,0.166865079,0.142857143,NA,0,0.749887179,0.166666667,0.142857143,0,0.166666667,NA,0,0.777777778,0.346108326,0.090909091,0.422936852,0.265306122,NA,0,0.974207115
Macaca leonina,Male,Surgical,2,0,1,1,0,0,4,8,0,1,0,1,0,0,6,8,NA,NA,NA,NA,NA,NA,NA,NA,NA,NA,NA,NA,NA,NA,NA,NA,NA,NA,NA,NA,NA,NA,NA,NA,NA,NA,NA,NA,NA,NA,NA,NA,NA,NA,NA,NA,NA,NA,NA,NA,NA,NA
Macaca mulatta,Male,Surgical,0,0,0,1,0,0,2,3,8,3,7,5,0,0,30,53,NA,NA,NA,NA,NA,NA,NA,NA,NA,NA,NA,NA,NA,NA,NA,NA,NA,NA,NA,NA,NA,NA,NA,NA,NA,NA,NA,NA,NA,NA,NA,NA,NA,NA,NA,NA,NA,NA,NA,NA,NA,NA
Macaca nemestrina,Female,Hormonal,0,0,0,0,0,0,4,4,1,3,4,2,0,0,34,44,NA,NA,NA,NA,NA,NA,NA,NA,NA,NA,NA,NA,NA,NA,NA,NA,NA,NA,NA,NA,NA,NA,NA,NA,NA,NA,NA,NA,NA,NA,NA,NA,NA,NA,NA,NA,NA,NA,NA,NA,NA,NA
Macaca nemestrina,Male,Surgical,0,1,1,0,0,0,0,2,2,1,3,3,0,0,18,27,NA,NA,NA,NA,NA,NA,NA,NA,NA,NA,NA,NA,NA,NA,NA,NA,NA,NA,NA,NA,NA,NA,NA,NA,NA,NA,NA,NA,NA,NA,NA,NA,NA,NA,NA,NA,NA,NA,NA,NA,NA,NA
Macaca nigra,Female,Hormonal,2,1,5,0,0,0,13,21,5,8,5,5,0,0,24,47,0,0,0,0,0,0,0.2,0.076923077,0.16875,0,0.052631579,0,0,0.372911918,0.090909091,0,0.173553719,0,0,0,0.504132231,0.189140271,0.275888889,0.066666667,0.105263158,0,0,0.589952324,0.318181818,0.111111111,0.39738292,0,0,0,0.936245573,0.394558069,0.538379167,1,0.30764411,0,0,0.932715562
Macaca nigra,Male,Surgical,1,0,1,1,0,0,15,18,1,5,4,0,0,0,40,50,0,0,0,0.111111111,NA,0,0.375,0.066666667,0.183333333,0.066666667,0,NA,0,0.456701015,0,0,0,0.111111111,NA,0,0.96875,0.066666667,0.241666667,0.066666667,0,NA,0,0.81104926,0.2,0,0,0.111111111,NA,0,0.9921875,0.066666667,0.3175,0.183333333,0,NA,0,0.959860487
Macaca silenus,Female,Hormonal,2,1,1,0,1,0,4,9,8,11,11,1,1,0,64,96,NA,NA,NA,NA,NA,NA,NA,NA,NA,NA,NA,NA,NA,NA,NA,NA,NA,NA,NA,NA,NA,NA,NA,NA,NA,NA,NA,NA,NA,NA,NA,NA,NA,NA,NA,NA,NA,NA,NA,NA,NA,NA
Macaca silenus,Male,Hormonal,0,0,1,0,0,0,3,4,11,6,11,3,0,0,86,117,NA,NA,NA,NA,NA,NA,NA,NA,NA,NA,NA,NA,NA,NA,NA,NA,NA,NA,NA,NA,NA,NA,NA,NA,NA,NA,NA,NA,NA,NA,NA,NA,NA,NA,NA,NA,NA,NA,NA,NA,NA,NA
Macaca silenus,Male,Surgical,0,3,3,0,0,0,8,14,10,3,9,3,0,0,79,104,NA,NA,NA,NA,NA,NA,NA,NA,NA,NA,NA,NA,NA,NA,NA,NA,NA,NA,NA,NA,NA,NA,NA,NA,NA,NA,NA,NA,NA,NA,NA,NA,NA,NA,NA,NA,NA,NA,NA,NA,NA,NA
Macaca sylvanus,Female,Hormonal,9,3,2,0,0,0,16,30,24,13,8,8,4,0,79,136,0.071428571,0,0,0,0,0,0.108024691,0.195662483,0.108595405,0.039663462,0,0,0,0.456815429,0.566921419,0.183333333,0.173553719,0,0,0,0.570354458,0.356849168,0.219501371,0.11363671,0.024390244,0.053954176,0,0.752537284,0.653537135,0.455555556,0.173553719,0,0,0,1,0.534733621,0.294415302,0.21212152,0.334807754,0.121092912,0,0.897502077
Macaca sylvanus,Male,Surgical,13,4,3,3,0,0,6,29,18,16,6,5,0,0,54,99,0.25,0.058823529,0.0625,0,NA,0,0.076923077,0.134921638,0.067460317,0,0.045454545,NA,0,0.318248652,0.353316327,0.173241061,0.0625,0.071428571,NA,0,0.134615385,0.336849197,0.216548798,0.038461538,0.045454545,NA,0,0.673126352,0.587103079,0.242137639,0.270833333,0.204081633,NA,0,0.400887574,0.536067339,0.605163373,0.23513986,0.299109981,NA,0,0.898964982
Macaca tonkeana,Female,Hormonal,2,1,1,1,0,0,7,12,0,1,2,0,0,0,8,11,NA,NA,NA,NA,NA,NA,NA,NA,NA,NA,NA,NA,NA,NA,NA,NA,NA,NA,NA,NA,NA,NA,NA,NA,NA,NA,NA,NA,NA,NA,NA,NA,NA,NA,NA,NA,NA,NA,NA,NA,NA,NA
Macaca tonkeana,Male,Surgical,0,1,2,1,0,0,5,9,0,0,3,0,0,0,5,8,NA,NA,NA,NA,NA,NA,NA,NA,NA,NA,NA,NA,NA,NA,NA,NA,NA,NA,NA,NA,NA,NA,NA,NA,NA,NA,NA,NA,NA,NA,NA,NA,NA,NA,NA,NA,NA,NA,NA,NA,NA,NA
Macropus fuliginosus,Male,Surgical,0,0,3,1,0,0,19,23,9,19,7,5,0,0,68,108,0,0,0,0,NA,0,0.5,0.025641026,0.149682612,0.01754386,0.027777778,NA,0,0.417926435,0,0,0,0,NA,0,0.705387205,0.115598528,0.330204715,0.01754386,0.087037037,NA,0,0.643511839,0,0,0,0.125,NA,0,0.837053664,0.321651231,0.469034112,0.060259344,0.20496142,NA,0,0.858463255
Macropus giganteus,Male,Surgical,1,1,4,0,0,0,18,24,29,16,6,3,0,0,290,344,0,0,0,0,NA,0,0,0.041493748,0.031712963,0.00990099,0.01,NA,0,0.203183778,0,0.076923077,0,0,NA,0,0,0.176830803,0.043521341,0.022594567,0.022375,NA,0,0.8522712,0,0.076923077,0.318181818,0,NA,0,0.508723958,0.361845413,0.255678421,0.055174748,0.022375,NA,0,0.986783732
Mandrillus sphinx,Female,Hormonal,11,4,9,3,1,0,20,48,17,10,9,2,2,0,72,112,0.128634441,0,0.047619048,0.045454545,0,0,0.090909091,0.184331034,0.047619048,0,0,0,0,0.42632723,0.36431761,0.109375,0.103641457,0.09569378,0.058823529,0,0.39014567,0.265957248,0.219338273,0.09124424,0,0.061523438,0,0.707442638,0.509616442,0.109375,0.346405229,0.152212919,0.058823529,0,0.702696014,0.455388246,0.279746621,0.249327528,0.078369906,0.061523438,0,0.873508818
Mandrillus sphinx,Female,Surgical,1,1,1,0,0,0,9,12,25,13,17,5,3,0,82,145,NA,NA,NA,NA,NA,NA,NA,NA,NA,NA,NA,NA,NA,NA,NA,NA,NA,NA,NA,NA,NA,NA,NA,NA,NA,NA,NA,NA,NA,NA,NA,NA,NA,NA,NA,NA,NA,NA,NA,NA,NA,NA
Mandrillus sphinx,Male,Hormonal,1,0,2,1,0,0,4,8,11,11,22,6,0,0,82,132,NA,NA,NA,NA,NA,NA,NA,NA,NA,NA,NA,NA,NA,NA,NA,NA,NA,NA,NA,NA,NA,NA,NA,NA,NA,NA,NA,NA,NA,NA,NA,NA,NA,NA,NA,NA,NA,NA,NA,NA,NA,NA
Mandrillus sphinx,Male,Surgical,2,4,7,2,0,0,15,30,11,7,17,5,0,0,75,115,0,0,0,0,NA,0,0.226190476,0.132226479,0.037037037,0.034482759,0,NA,0,0.453304946,0.083333333,0.083333333,0,0.0625,NA,0,0.497064451,0.330552816,0.122917984,0.212893553,0.136972867,NA,0,0.717478468,0.144444444,0.264756944,0.346938776,0.117647059,NA,0,0.757945458,0.330552816,0.173036957,0.393662083,0.192271874,NA,0,0.923691646
Mephitis mephitis,Female,Surgical,0,2,2,1,0,0,8,13,9,9,27,17,1,0,90,153,NA,NA,NA,NA,NA,NA,NA,NA,NA,NA,NA,NA,NA,NA,NA,NA,NA,NA,NA,NA,NA,NA,NA,NA,NA,NA,NA,NA,NA,NA,NA,NA,NA,NA,NA,NA,NA,NA,NA,NA,NA,NA
Mephitis mephitis,Male,Surgical,3,2,5,2,0,0,23,35,8,7,33,10,0,0,95,153,0,0,0,0,NA,0,0,0.08957488,0,0.039401103,0,NA,0,0.261008283,0,0.037037037,0,0,NA,0,0.26557419,0.114235372,0.054491852,0.108787259,0.012658228,NA,0,0.539126753,0.213907785,0.097222222,0.533333333,0.041666667,NA,0,0.833617921,0.131269307,0.096470935,0.387034742,0.125211076,NA,0,0.788890728
Mungos mungo,Male,Surgical,1,2,2,0,0,0,2,7,12,6,19,4,0,0,97,138,NA,NA,NA,NA,NA,NA,NA,NA,NA,NA,NA,NA,NA,NA,NA,NA,NA,NA,NA,NA,NA,NA,NA,NA,NA,NA,NA,NA,NA,NA,NA,NA,NA,NA,NA,NA,NA,NA,NA,NA,NA,NA
Muntiacus reevesi,Male,Surgical,0,1,1,3,0,0,5,10,35,11,14,10,0,0,113,183,NA,NA,NA,NA,NA,NA,NA,NA,NA,NA,NA,NA,NA,NA,NA,NA,NA,NA,NA,NA,NA,NA,NA,NA,NA,NA,NA,NA,NA,NA,NA,NA,NA,NA,NA,NA,NA,NA,NA,NA,NA,NA
Mustela nigripes,Female,Surgical,0,0,3,4,0,0,6,13,0,0,5,3,0,0,42,50,NA,NA,NA,NA,NA,NA,NA,NA,NA,NA,NA,NA,NA,NA,NA,NA,NA,NA,NA,NA,NA,NA,NA,NA,NA,NA,NA,NA,NA,NA,NA,NA,NA,NA,NA,NA,NA,NA,NA,NA,NA,NA
Mustela nigripes,Male,Surgical,1,3,7,2,0,0,16,29,1,7,12,5,0,0,79,104,0,0,0.043478261,0,NA,0,0.088842975,0.016666667,0.048192457,0.016129032,0,NA,0,0.313458928,0,0,0.134575569,0,NA,0,0.338329344,0.016666667,0.079151788,0.087381592,0.015873016,NA,0,0.481824623,0,0.184313725,0.233738785,0.153846154,NA,0,0.4586331,0.016666667,0.140899628,0.166121288,0.108527132,NA,0,0.752520629
Mustela putorius,Female,Surgical,0,0,0,0,0,0,4,4,0,2,8,3,0,0,47,60,NA,NA,NA,NA,NA,NA,NA,NA,NA,NA,NA,NA,NA,NA,NA,NA,NA,NA,NA,NA,NA,NA,NA,NA,NA,NA,NA,NA,NA,NA,NA,NA,NA,NA,NA,NA,NA,NA,NA,NA,NA,NA
Mustela putorius,Male,Surgical,0,1,1,1,0,0,5,8,0,1,13,8,0,0,49,71,NA,NA,NA,NA,NA,NA,NA,NA,NA,NA,NA,NA,NA,NA,NA,NA,NA,NA,NA,NA,NA,NA,NA,NA,NA,NA,NA,NA,NA,NA,NA,NA,NA,NA,NA,NA,NA,NA,NA,NA,NA,NA
Myocastor coypus,Male,Surgical,0,3,2,0,0,0,1,6,13,6,10,3,0,0,139,171,NA,NA,NA,NA,NA,NA,NA,NA,NA,NA,NA,NA,NA,NA,NA,NA,NA,NA,NA,NA,NA,NA,NA,NA,NA,NA,NA,NA,NA,NA,NA,NA,NA,NA,NA,NA,NA,NA,NA,NA,NA,NA
Nasua narica,Male,Surgical,0,0,2,0,0,0,14,16,2,1,6,2,0,0,35,46,0,0,0,0,NA,0,0.25,0.071428571,0.083333333,0,0.076923077,NA,0,0.502652826,0,0,0.076923077,0,NA,0,0.3125,0.129464286,0.083333333,0.173611111,0.076923077,NA,0,0.762760665,0,0,0.153846154,0,NA,0,0.828125,0.129464286,0.083333333,0.332532051,0.076923077,NA,0,0.914767331
Nasua nasua,Female,Hormonal,0,1,2,2,0,0,5,10,20,21,74,22,4,0,166,307,NA,NA,NA,NA,NA,NA,NA,NA,NA,NA,NA,NA,NA,NA,NA,NA,NA,NA,NA,NA,NA,NA,NA,NA,NA,NA,NA,NA,NA,NA,NA,NA,NA,NA,NA,NA,NA,NA,NA,NA,NA,NA
Nasua nasua,Female,Surgical,0,2,2,0,0,0,7,11,40,23,84,26,5,0,224,402,NA,NA,NA,NA,NA,NA,NA,NA,NA,NA,NA,NA,NA,NA,NA,NA,NA,NA,NA,NA,NA,NA,NA,NA,NA,NA,NA,NA,NA,NA,NA,NA,NA,NA,NA,NA,NA,NA,NA,NA,NA,NA
Nasua nasua,Male,Surgical,4,3,13,5,0,0,23,48,23,22,35,28,0,0,150,258,0,0,0.033333333,0,NA,0,0.160998811,0.104074496,0.032263623,0.016669001,0.015679012,NA,0,0.260673922,0.063740857,0.035714286,0.09375,0,NA,0,0.349445557,0.12341511,0.101511562,0.047436297,0.07136041,NA,0,0.543515444,0.181591658,0.116363636,0.504105548,0.189140271,NA,0,0.637725945,0.217273016,0.231033966,0.379587156,0.358105503,NA,0,0.793105073
Neofelis nebulosa,Female,Hormonal,1,1,1,1,0,0,1,5,11,2,7,4,0,0,38,62,NA,NA,NA,NA,NA,NA,NA,NA,NA,NA,NA,NA,NA,NA,NA,NA,NA,NA,NA,NA,NA,NA,NA,NA,NA,NA,NA,NA,NA,NA,NA,NA,NA,NA,NA,NA,NA,NA,NA,NA,NA,NA
Nomascus leucogenys,Female,Hormonal,1,0,1,0,0,0,4,6,0,2,2,1,0,0,8,13,NA,NA,NA,NA,NA,NA,NA,NA,NA,NA,NA,NA,NA,NA,NA,NA,NA,NA,NA,NA,NA,NA,NA,NA,NA,NA,NA,NA,NA,NA,NA,NA,NA,NA,NA,NA,NA,NA,NA,NA,NA,NA
Notamacropus eugenii,Male,Surgical,1,1,0,1,0,0,4,7,8,14,0,1,0,0,59,82,NA,NA,NA,NA,NA,NA,NA,NA,NA,NA,NA,NA,NA,NA,NA,NA,NA,NA,NA,NA,NA,NA,NA,NA,NA,NA,NA,NA,NA,NA,NA,NA,NA,NA,NA,NA,NA,NA,NA,NA,NA,NA
Notamacropus parma,Male,Surgical,1,2,1,0,0,0,13,17,35,33,6,2,0,0,208,284,0,0,0,0,NA,0,0.076923077,0.078356487,0.049130828,0.006993007,0,NA,0,0.336097086,0.083333333,0.083333333,0,0,NA,0,0.412587413,0.191538041,0.192301443,0.006993007,0.018990776,NA,0,0.607210544,0.083333333,0.083333333,0.333333333,0,NA,0,0.874125874,0.255566332,0.280493742,0.038894812,0.018990776,NA,0,0.885439732
Notamacropus rufogriseus,Male,Surgical,16,42,11,8,0,0,45,122,82,180,45,32,0,0,512,851,0,0.099619182,0,0,NA,0,0.054005074,0.049796228,0.103110696,0.014570347,0.008707607,NA,0,0.242154396,0.120745447,0.242908272,0,0.037654222,NA,0,0.148357483,0.143831917,0.260813604,0.066635916,0.033894626,NA,0,0.560863562,0.227771517,0.467334979,0.139474783,0.159877331,NA,0,0.503837256,0.254334267,0.479071199,0.160691082,0.08792728,NA,0,0.828829633
Octodon degus,Female,Hormonal,1,0,1,1,0,0,5,8,6,9,26,5,0,0,145,191,NA,NA,NA,NA,NA,NA,NA,NA,NA,NA,NA,NA,NA,NA,NA,NA,NA,NA,NA,NA,NA,NA,NA,NA,NA,NA,NA,NA,NA,NA,NA,NA,NA,NA,NA,NA,NA,NA,NA,NA,NA,NA
Octodon degus,Male,Surgical,1,1,1,3,0,0,22,28,7,3,20,7,0,0,134,171,0,0,0,0,NA,0,0.232631579,0.053643967,0,0.010869565,0,NA,0,0.212772707,0.071428571,0.058823529,0.090909091,0.179487179,NA,0,0.598110207,0.064398012,0,0.121788411,0.024847632,NA,0,0.589838174,0.071428571,0.058823529,0.090909091,0.296703297,NA,0,0.849291328,0.081723975,0.052521008,0.284813624,0.114647378,NA,0,0.884836107
Odocoileus virginianus,Male,Surgical,0,3,4,1,0,0,4,12,13,6,4,2,0,0,41,66,NA,NA,NA,NA,NA,NA,NA,NA,NA,NA,NA,NA,NA,NA,NA,NA,NA,NA,NA,NA,NA,NA,NA,NA,NA,NA,NA,NA,NA,NA,NA,NA,NA,NA,NA,NA,NA,NA,NA,NA,NA,NA
Oryctolagus cuniculus,Female,Surgical,1,1,3,1,0,0,13,19,9,12,13,3,0,0,170,207,0,0,0,0,0,0,0.19,0.027106227,0.011764706,0.016393443,0,0,0,0.343238922,0.1,0,0,0,0,0,0.558181818,0.078242516,0.035584604,0.039686451,0,0,0,0.631379315,0.1,0,0.142857143,0,0,0,0.742272727,0.121613192,0.100032672,0.102953492,0.041857084,0,0,0.892746072
Oryctolagus cuniculus,Male,Surgical,0,7,2,2,0,0,27,38,7,9,9,4,0,0,114,143,0,0,0,0,NA,0,0.113333333,0.014925373,0.016949153,0,0,NA,0,0.313496457,0,0.187969925,0,0.055555556,NA,0,0.280228395,0.069708495,0.047429489,0.013888889,0.029733959,NA,0,0.588705481,0,0.299425033,0.272727273,0.108024691,NA,0,0.865513398,0.102370767,0.128265512,0.097378546,0.029733959,NA,0,0.875567916
Oryx dammah,Female,Hormonal,1,0,0,0,0,0,5,6,30,35,58,14,16,0,264,417,NA,NA,NA,NA,NA,NA,NA,NA,NA,NA,NA,NA,NA,NA,NA,NA,NA,NA,NA,NA,NA,NA,NA,NA,NA,NA,NA,NA,NA,NA,NA,NA,NA,NA,NA,NA,NA,NA,NA,NA,NA,NA
Oryx dammah,Male,Surgical,2,2,6,2,0,0,17,29,49,13,6,7,0,0,157,232,0.071428571,0,0,0,NA,0,0.076923077,0.200518669,0.043029272,0.011494253,0.023550725,NA,0,0.449766988,0.071428571,0.071428571,0.083333333,0,NA,0,0.422480114,0.383460888,0.108207962,0.041924444,0.08800909,NA,0,0.772342304,0.071428571,0.148809524,0.2575,0.090909091,NA,0,0.588249711,0.549422877,0.179283116,0.085337243,0.108736156,NA,0,0.909808563
Osphranter rufus,Male,Surgical,5,4,3,3,0,0,64,79,63,93,41,26,0,0,352,575,0,0.034482759,0,0,NA,0,0.094756944,0.084052347,0.073674225,0.031394822,0.012598594,NA,0,0.207965814,0.091796875,0.034482759,0,0,NA,0,0.391442199,0.146248779,0.202656086,0.066695163,0.049020265,NA,0,0.525024178,0.140546013,0.08667288,0.03030303,0.026315789,NA,0,0.705619986,0.264432423,0.384606338,0.171568168,0.12268629,NA,0,0.826220402
Ovis aries,Male,Surgical,2,1,3,4,0,0,19,29,19,14,7,1,0,0,226,267,0,0,0,0,NA,0,0.288888889,0.07798818,0.008064516,0.029315735,0,NA,0,0.42521431,0,0,0,0,NA,0,0.431111111,0.153019346,0.06111308,0.029315735,0,NA,0,0.854429334,0.076923077,0,0.133333333,0.155844156,NA,0,0.611111111,0.198216413,0.366931496,0.117917747,0.041666667,NA,0,0.97906922
Pan troglodytes,Female,Hormonal,2,4,10,2,2,0,19,39,5,11,13,22,0,0,73,124,0.125,0.2,0.25,0,0.166666667,0,0.561142857,0.146524064,0.194508009,0,0.190692935,0,0,0.606815535,0.125,0.318181818,0.451748252,0.117647059,0.215686275,0,0.75625,0.206398014,0.397446727,0.251060341,0.388973673,0,0,0.874913624,0.2125,0.415584416,0.856083916,0.117647059,0.215686275,0,1,0.206398014,0.397446727,0.490724111,0.610472095,0,0,0.975301682
Pan troglodytes,Female,Surgical,0,1,2,2,0,0,3,8,6,11,20,21,2,0,84,144,NA,NA,NA,NA,NA,NA,NA,NA,NA,NA,NA,NA,NA,NA,NA,NA,NA,NA,NA,NA,NA,NA,NA,NA,NA,NA,NA,NA,NA,NA,NA,NA,NA,NA,NA,NA,NA,NA,NA,NA,NA,NA
Pan troglodytes,Male,Surgical,2,1,8,5,0,0,9,25,12,13,12,10,0,0,63,110,0,0,0,0,NA,0,0.0625,0,0.260380623,0.058823529,0.100529101,NA,0,0.519943543,0.133333333,0.076923077,0.394230769,0.142857143,NA,0,0.502676505,0.278549383,0.397051554,0.227280134,0.263698425,NA,0,0.854185778,0.133333333,0.076923077,0.818269231,0.657142857,NA,0,0.734760802,0.481110518,0.557837806,0.586979483,0.451608723,NA,0,0.963281846
Panthera leo,Female,Hormonal,6,2,16,3,0,0,23,50,36,24,116,36,4,0,305,521,0.032258065,0,0,0,0,0,0.102216749,0.124801051,0.053494249,0.024465295,0.022455934,0.020009999,0,0.384152471,0.12964191,0.037037037,0.215170034,0,0,0,0.401511396,0.183123848,0.093864809,0.178700896,0.073152805,0.024885571,0,0.648738121,0.236762906,0.093681917,0.488618299,0.131578947,0,0,0.669335047,0.206667247,0.13555051,0.417821169,0.176624252,0.024885571,0,0.815452537
Panthera leo,Female,Surgical,1,2,13,2,0,0,27,45,41,24,119,37,4,0,301,526,0.0625,0,0,0,0,0,0.142857143,0.112326068,0.048540745,0.022043972,0.020340624,0.018262115,0,0.35446732,0.0625,0.113333333,0.125,0,0,0,0.480398437,0.180924525,0.086426344,0.201634542,0.07002751,0.02305108,0,0.626394514,0.0625,0.113333333,0.303405573,0.105882353,0,0,0.734110649,0.216474159,0.130140148,0.440875475,0.177210336,0.02305108,0,0.800793889
Panthera leo,Male,Surgical,2,0,13,7,0,0,22,44,12,13,82,44,0,0,188,339,0.047619048,0,0.045454545,0,NA,0,0.1875,0.047710656,0.032894788,0.053505406,0.041059234,NA,0,0.499976226,0.090909091,0,0.169960474,0.087301587,NA,0,0.3765625,0.089957991,0.060255898,0.171509456,0.128521536,NA,0,0.637852195,0.090909091,0,0.438297726,0.138007055,NA,0,0.64807376,0.10550343,0.082084003,0.396532536,0.299537933,NA,0,0.791999709
Panthera onca,Female,Hormonal,0,0,2,3,0,0,5,10,5,6,25,14,1,0,51,102,NA,NA,NA,NA,NA,NA,NA,NA,NA,NA,NA,NA,NA,NA,NA,NA,NA,NA,NA,NA,NA,NA,NA,NA,NA,NA,NA,NA,NA,NA,NA,NA,NA,NA,NA,NA,NA,NA,NA,NA,NA,NA
Panthera tigris,Female,Hormonal,0,0,3,3,0,0,0,6,9,10,34,23,0,0,88,164,NA,NA,NA,NA,NA,NA,NA,NA,NA,NA,NA,NA,NA,NA,NA,NA,NA,NA,NA,NA,NA,NA,NA,NA,NA,NA,NA,NA,NA,NA,NA,NA,NA,NA,NA,NA,NA,NA,NA,NA,NA,NA
Panthera tigris,Female,Surgical,0,1,3,1,0,0,9,14,11,11,36,25,0,0,89,172,NA,NA,NA,NA,NA,NA,NA,NA,NA,NA,NA,NA,NA,NA,NA,NA,NA,NA,NA,NA,NA,NA,NA,NA,NA,NA,NA,NA,NA,NA,NA,NA,NA,NA,NA,NA,NA,NA,NA,NA,NA,NA
Panthera tigris,Male,Surgical,1,0,11,5,0,0,6,23,3,5,28,25,0,0,95,156,0,0,0.265908056,0,NA,0,0.1875,0.047342995,0.073375262,0.039969834,0.049568966,NA,0,0.428852425,0,0,0.471981819,0.076923077,NA,0,0.255208333,0.047342995,0.098771905,0.128000218,0.155404707,NA,0,0.63427323,0.111111111,0,0.603986364,0.58974359,NA,0,0.497265625,0.047342995,0.098771905,0.50368365,0.354057325,NA,0,0.840613968
Panthera uncia,Female,Hormonal,0,2,2,0,0,0,7,11,5,8,26,20,1,0,102,162,NA,NA,NA,NA,NA,NA,NA,NA,NA,NA,NA,NA,NA,NA,NA,NA,NA,NA,NA,NA,NA,NA,NA,NA,NA,NA,NA,NA,NA,NA,NA,NA,NA,NA,NA,NA,NA,NA,NA,NA,NA,NA
Papio hamadryas,Female,Hormonal,4,1,9,2,1,0,37,54,13,14,45,23,3,0,159,257,0.071428571,0,0,0,0,0,0.254079254,0.078357584,0.06478695,0.077798924,0.051816239,0,0,0.424714396,0.167667067,0.0625,0.257631258,0,0,0,0.715787607,0.107391179,0.122043514,0.320586616,0.161429535,0.044370539,0,0.785625586,0.25090036,0.0625,0.472749473,0.142857143,0.090909091,0,0.919227297,0.222562861,0.23177249,0.564977037,0.367584326,0.044370539,0,0.924425071
Papio hamadryas,Female,Surgical,2,0,3,0,0,0,16,21,9,13,48,21,4,0,156,251,0,0,0,0,0,0,0.111111111,0.011904762,0.060469073,0.098351782,0.051291051,0.025007914,0,0.390849356,0.111111111,0,0.142857143,0,0,0,0.517906336,0.098745737,0.130805267,0.338683257,0.13101942,0.053950967,0,0.731700963,0.238095238,0,0.4,0,0,0,0.919651056,0.152907652,0.193352943,0.566482077,0.347437215,0.053950967,0,0.923203241
Papio hamadryas,Male,Surgical,1,2,0,2,0,0,22,27,13,2,28,10,0,0,134,187,0,0,0,0.125,NA,0,0.285714286,0.037313433,0,0.0585212,0.042592593,NA,0,0.575092677,0.142857143,0.142857143,0,0.125,NA,0,0.75308642,0.168599813,0.022222222,0.254279144,0.082918176,NA,0,0.85694441,0.142857143,0.357142857,0,0.3,NA,0,0.983539095,0.248770546,0.05015873,0.59739155,0.178672308,NA,0,0.950382463
Papio papio,Female,Hormonal,0,0,0,1,0,0,8,9,0,3,5,4,0,0,41,53,NA,NA,NA,NA,NA,NA,NA,NA,NA,NA,NA,NA,NA,NA,NA,NA,NA,NA,NA,NA,NA,NA,NA,NA,NA,NA,NA,NA,NA,NA,NA,NA,NA,NA,NA,NA,NA,NA,NA,NA,NA,NA
Papio papio,Male,Surgical,1,0,0,1,0,0,3,5,0,0,3,1,0,0,29,33,NA,NA,NA,NA,NA,NA,NA,NA,NA,NA,NA,NA,NA,NA,NA,NA,NA,NA,NA,NA,NA,NA,NA,NA,NA,NA,NA,NA,NA,NA,NA,NA,NA,NA,NA,NA,NA,NA,NA,NA,NA,NA
Pecari tajacu,Male,Surgical,1,1,1,1,0,0,6,10,6,6,8,5,0,0,88,113,NA,NA,NA,NA,NA,NA,NA,NA,NA,NA,NA,NA,NA,NA,NA,NA,NA,NA,NA,NA,NA,NA,NA,NA,NA,NA,NA,NA,NA,NA,NA,NA,NA,NA,NA,NA,NA,NA,NA,NA,NA,NA
Petaurus breviceps,Male,Surgical,0,2,6,2,0,0,21,31,8,14,30,3,0,0,209,264,0,0,0,0,NA,0,0.071428571,0.033734988,0.042556399,0.016465123,0.00877193,NA,0,0.422454704,0,0.047619048,0.148888263,0,NA,0,0.359947082,0.059619838,0.068685776,0.091994602,0.01762218,NA,0,0.696368993,0,0.142857143,0.416380524,0.076923077,NA,0,0.845122998,0.070305976,0.139427298,0.337692299,0.034856879,NA,0,0.917604586
Phacochoerus africanus,Female,Hormonal,1,2,5,0,0,0,3,11,6,1,10,2,0,0,54,73,NA,NA,NA,NA,NA,NA,NA,NA,NA,NA,NA,NA,NA,NA,NA,NA,NA,NA,NA,NA,NA,NA,NA,NA,NA,NA,NA,NA,NA,NA,NA,NA,NA,NA,NA,NA,NA,NA,NA,NA,NA,NA
Phacochoerus africanus,Male,Surgical,1,0,0,0,0,0,4,5,11,3,9,3,0,0,59,85,NA,NA,NA,NA,NA,NA,NA,NA,NA,NA,NA,NA,NA,NA,NA,NA,NA,NA,NA,NA,NA,NA,NA,NA,NA,NA,NA,NA,NA,NA,NA,NA,NA,NA,NA,NA,NA,NA,NA,NA,NA,NA
Pithecia pithecia,Female,Hormonal,0,6,2,2,0,0,8,18,3,19,4,1,0,0,43,70,0,0,0,0,0,0,0.142857143,0,0.087557604,0,0.034482759,0,0,0.258303908,0,0.166666667,0,0,0,0,0.265306122,0.118469565,0.440557157,0.085714286,0.034482759,0,0,0.667785946,0,0.513888889,0,0.142857143,0,0,0.443413729,0.118469565,0.675845464,0.177142857,0.034482759,0,0,0.905036043
Pongo abelii,Female,Hormonal,0,0,3,0,1,0,5,9,2,4,1,2,3,0,19,31,NA,NA,NA,NA,NA,NA,NA,NA,NA,NA,NA,NA,NA,NA,NA,NA,NA,NA,NA,NA,NA,NA,NA,NA,NA,NA,NA,NA,NA,NA,NA,NA,NA,NA,NA,NA,NA,NA,NA,NA,NA,NA
Potamochoerus porcus,Female,Hormonal,1,0,5,0,0,0,5,11,7,6,8,8,0,0,31,60,NA,NA,NA,NA,NA,NA,NA,NA,NA,NA,NA,NA,NA,NA,NA,NA,NA,NA,NA,NA,NA,NA,NA,NA,NA,NA,NA,NA,NA,NA,NA,NA,NA,NA,NA,NA,NA,NA,NA,NA,NA,NA
Potamochoerus porcus,Male,Surgical,0,0,1,1,0,0,2,4,7,6,9,1,0,0,34,57,NA,NA,NA,NA,NA,NA,NA,NA,NA,NA,NA,NA,NA,NA,NA,NA,NA,NA,NA,NA,NA,NA,NA,NA,NA,NA,NA,NA,NA,NA,NA,NA,NA,NA,NA,NA,NA,NA,NA,NA,NA,NA
Procavia capensis,Male,Hormonal,2,0,2,2,0,0,15,21,12,19,15,3,0,0,100,149,0,0,0,0,NA,0,0.238095238,0.083680556,0.038526162,0,0,NA,0,0.207067168,0,0,0,0,NA,0,0.380952381,0.107970112,0.10653435,0.065427471,0,NA,0,0.494157759,0.090909091,0,0.2,0.166666667,NA,0,0.607142857,0.139890505,0.290325816,0.157357789,0,NA,0,0.794436611
Procavia capensis,Male,Surgical,0,0,4,0,0,0,4,8,14,19,13,5,0,0,111,162,NA,NA,NA,NA,NA,NA,NA,NA,NA,NA,NA,NA,NA,NA,NA,NA,NA,NA,NA,NA,NA,NA,NA,NA,NA,NA,NA,NA,NA,NA,NA,NA,NA,NA,NA,NA,NA,NA,NA,NA,NA,NA
Procyon lotor,Female,Surgical,4,2,6,2,0,0,12,26,19,6,37,24,1,0,150,237,0.228571429,0,0.076923077,0,0,0,0.166666667,0.059561594,0.019931891,0.06640899,0.009615385,0,0,0.361550666,0.287912088,0,0.076923077,0,0,0,0.377267574,0.131992037,0.040263488,0.180727139,0.1156604,0,0,0.630633088,0.287912088,0.325,0.341880342,0.285714286,0,0,0.680650038,0.215416337,0.089400324,0.331412312,0.27573499,0.018181818,0,0.875532873
Procyon lotor,Male,Surgical,1,0,10,7,0,0,32,50,20,8,32,19,0,0,142,221,0.125,0,0,0.128205128,NA,0,0,0.139089138,0.048375634,0.036442065,0.012345679,NA,0,0.289813715,0.125,0,0.147193497,0.128205128,NA,0,0.316317776,0.210220251,0.072021246,0.127984826,0.060747193,NA,0,0.636259348,0.125,0,0.330441175,0.278367347,NA,0,0.714555752,0.210220251,0.085667993,0.282983978,0.282511426,NA,0,0.860378619
Propithecus coquereli,Female,Hormonal,0,1,1,3,0,0,3,8,0,0,0,0,0,0,3,3,NA,NA,NA,NA,NA,NA,NA,NA,NA,NA,NA,NA,NA,NA,NA,NA,NA,NA,NA,NA,NA,NA,NA,NA,NA,NA,NA,NA,NA,NA,NA,NA,NA,NA,NA,NA,NA,NA,NA,NA,NA,NA
Pteropus rodricensis,Female,Hormonal,11,2,4,0,0,0,18,35,28,31,21,6,3,0,223,312,0.193277311,0,0.066666667,0,0,0,0.0625,0.125853419,0.075866431,0.056242695,0,0.011235955,0,0.40993402,0.479253778,0,0.144444444,0,0,0,0.541735527,0.146589567,0.193519817,0.103752106,0.013333333,0.024419476,0,0.761433415,0.635477645,0.285714286,0.266666667,0,0,0,0.826198955,0.272127217,0.289657945,0.216367069,0.086318426,0.039428407,0,0.939877286
Puma concolor,Female,Surgical,1,1,5,8,0,0,8,23,4,6,24,17,0,0,87,138,0,0,0,0.066666667,0,0,0.076923077,0.094117647,0.078805504,0,0.026315789,0,0,0.331728185,0,0.058823529,0.114186851,0.066666667,0,0,0.076923077,0.110294118,0.111705308,0.149420804,0.13941353,0,0,0.590902478,0.111111111,0.058823529,0.31860527,0.265882353,0,0,0.53125,0.110294118,0.130211447,0.378315995,0.241632512,0,0,0.8144074
Puma concolor,Male,Surgical,0,0,7,3,0,0,12,22,3,6,28,20,0,0,61,118,0,0,0,0,NA,0,0.142857143,0.016129032,0.033092325,0.050715833,0.058093126,NA,0,0.252261153,0,0,0,0.129464286,NA,0,0.384615385,0.034348865,0.07036541,0.193107484,0.181765367,NA,0,0.472302362,0,0,0.363636364,0.129464286,NA,0,0.631606489,0.056805868,0.123576817,0.405668102,0.273107658,NA,0,0.734279259
Rangifer tarandus,Male,Surgical,0,0,3,0,0,0,10,13,10,17,18,5,0,0,145,195,NA,NA,NA,NA,NA,NA,NA,NA,NA,NA,NA,NA,NA,NA,NA,NA,NA,NA,NA,NA,NA,NA,NA,NA,NA,NA,NA,NA,NA,NA,NA,NA,NA,NA,NA,NA,NA,NA,NA,NA,NA,NA
Rattus norvegicus,Female,Surgical,0,0,2,1,0,0,18,21,2,37,70,17,0,0,282,408,0,0,0,0,0,0,0.05,0.003424658,0.04599361,0.004,0,0,0,0.101283664,0,0,0,0,0,0,0.1925,0.007873655,0.107909639,0.070930449,0.02133284,0,0,0.401612178,0,0,0.0625,0.083333333,0,0,0.392,0.007873655,0.177271687,0.358816829,0.084842188,0,0,0.773179899
Rattus norvegicus,Male,Surgical,0,2,1,0,0,0,24,27,3,9,16,15,0,0,170,213,0,0,0,0,NA,0,0.076923077,0.007246377,0.031748113,0,0,NA,0,0.270109274,0,0,0,0,NA,0,0.230769231,0.014092954,0.038664198,0.01451647,0.014622084,NA,0,0.486681912,0,0,0,0,NA,0,0.769230769,0.014092954,0.078685709,0.16381804,0.167200216,NA,0,0.810175948
Rousettus aegyptiacus,Male,Surgical,0,1,1,0,0,0,30,32,4,9,33,6,0,0,236,288,0,0.090909091,0,0,NA,0,0.4,0.019607843,0.019330504,0.047880391,0,NA,0,0.381187245,0,0.090909091,0,0,NA,0,0.630236305,0.029411765,0.046218426,0.161301082,0.019454511,NA,0,0.678337545,0,0.090909091,0.071428571,0,NA,0,1,0.051470588,0.089443995,0.258888479,0.051096488,NA,0,0.924118556
Saguinus bicolor,Female,Hormonal,1,5,1,4,1,0,8,20,1,11,1,2,2,0,15,32,0.076923077,0.071428571,0,0,0,0,0,0,0.157894737,0,0.052631579,0.111111111,0,0.105882353,0.076923077,0.303571429,0,0,0,0,0.166666667,0.0625,0.483909774,0.125,0.052631579,0.111111111,0,0.529218187,0.076923077,0.442857143,0.111111111,0.62962963,0.125,0,0.661375661,0.0625,1,0.125,0.289473684,0.111111111,0,0.921536364
Saguinus oedipus,Female,Hormonal,2,3,8,4,0,0,30,47,33,48,40,13,2,0,273,409,0,0,0.114186851,0,0,0,0.047619048,0.061484876,0.071843052,0.022861209,0,0,0,0.315469533,0.05,0.090909091,0.196541362,0.052631579,0,0,0.262025012,0.140575869,0.195373203,0.099660043,0.041518962,0.005847953,0,0.638984007,0.05,0.136363636,0.196541362,0.1452315,0,0,0.628888153,0.242610321,0.329955698,0.248534971,0.119196514,0.017145136,0,0.892593097
Saguinus oedipus,Female,Surgical,0,2,4,0,0,0,12,18,35,49,44,17,2,0,291,438,0,0,0.125,0,0,0,0.125,0.053451246,0.068608058,0.027126444,0,0,0,0.299728194,0,0.111111111,0.125,0,0,0,0.125,0.137798498,0.187966239,0.108689152,0.045852279,0.005464481,0,0.621717653,0,0.111111111,0.2125,0,0,0,0.559,0.22550818,0.314574533,0.224028214,0.13721683,0.015717424,0,0.882181182
Saguinus oedipus,Male,Hormonal,0,1,2,0,0,0,1,4,33,46,51,19,0,0,255,404,NA,NA,NA,NA,NA,NA,NA,NA,NA,NA,NA,NA,NA,NA,NA,NA,NA,NA,NA,NA,NA,NA,NA,NA,NA,NA,NA,NA,NA,NA,NA,NA,NA,NA,NA,NA,NA,NA,NA,NA,NA,NA
Saguinus oedipus,Male,Surgical,1,1,1,2,0,0,12,17,44,58,54,17,0,0,290,463,0,0,0,0,NA,0,0.25,0.096150478,0.097009563,0.01590623,0.005464481,NA,0,0.324848012,0.1,0,0,0,NA,0,0.325,0.184241932,0.201520885,0.106414343,0.036089597,NA,0,0.676648266,0.1,0.2,0.166666667,0.142857143,NA,0,0.79,0.268239713,0.338600046,0.381669444,0.102058173,NA,0,0.881850939
Saimiri sciureus,Female,Hormonal,2,4,4,1,0,0,8,19,29,66,61,15,26,0,362,559,0.083333333,0.071428571,0.076923077,0,0,0,0.076923077,0.028494139,0.094806862,0.048116537,0.009896127,0.02485514,0,0.403075048,0.175,0.226190476,0.076923077,0,0,0,0.313413859,0.087785904,0.260657817,0.143645896,0.02777212,0.117691826,0,0.752650191,0.175,0.322916667,0.472527473,0.25,0,0,0.593134139,0.184836555,0.38399769,0.394322086,0.114433742,0.168848774,0,0.924812912
Saimiri sciureus,Female,Surgical,1,0,1,1,0,0,4,7,19,40,52,13,19,0,213,356,NA,NA,NA,NA,NA,NA,NA,NA,NA,NA,NA,NA,NA,NA,NA,NA,NA,NA,NA,NA,NA,NA,NA,NA,NA,NA,NA,NA,NA,NA,NA,NA,NA,NA,NA,NA,NA,NA,NA,NA,NA,NA
Saimiri sciureus,Male,Surgical,0,5,2,2,0,0,8,17,55,52,28,7,0,0,283,425,0,0.1,0,0,NA,0,0,0.059731046,0.073937244,0.010423754,0,NA,0,0.349427782,0,0.473251029,0.142857143,0,NA,0,0.222222222,0.236289447,0.22729912,0.025152988,0.025273826,NA,0,0.753245719,0,0.473251029,0.285714286,0.666666667,NA,0,0.65,0.434678366,0.396003623,0.264988542,0.08747111,NA,0,0.940838157
Sapajus apella,Male,Surgical,0,1,1,0,0,0,8,10,17,10,18,7,0,0,92,144,NA,NA,NA,NA,NA,NA,NA,NA,NA,NA,NA,NA,NA,NA,NA,NA,NA,NA,NA,NA,NA,NA,NA,NA,NA,NA,NA,NA,NA,NA,NA,NA,NA,NA,NA,NA,NA,NA,NA,NA,NA,NA
Suricata suricatta,Female,Hormonal,8,1,25,11,0,0,31,76,141,74,112,40,4,0,588,959,0.018518519,0,0,0,0,0,0.084772771,0.129246457,0.054567562,0.03228002,0.012437995,0.003995331,0,0.3097581,0.070242656,0.016949153,0.078651573,0.036044974,0,0,0.184860298,0.252296632,0.138729882,0.128032269,0.05026435,0.009594883,0,0.626277157,0.21514706,0.016949153,0.40221478,0.303024941,0,0,0.489089393,0.320733054,0.204143233,0.329351992,0.144848376,0.009594883,0,0.855960192
Suricata suricatta,Female,Surgical,0,0,9,3,0,0,10,22,149,75,128,48,4,0,609,1013,0,0,0,0,0,0,0.055555556,0.121447763,0.050463389,0.02974047,0.011411992,0.003687331,0,0.294663326,0,0,0,0.058823529,0,0,0.166666667,0.237128261,0.125680598,0.123508255,0.047896105,0.00867618,0,0.596480177,0,0,0.429436384,0.2760181,0,0,0.452991453,0.32101164,0.187936045,0.32921018,0.173174232,0.00867618,0,0.836836492
Suricata suricatta,Male,Hormonal,1,2,0,0,0,0,7,10,144,62,153,68,0,0,698,1125,NA,NA,NA,NA,NA,NA,NA,NA,NA,NA,NA,NA,NA,NA,NA,NA,NA,NA,NA,NA,NA,NA,NA,NA,NA,NA,NA,NA,NA,NA,NA,NA,NA,NA,NA,NA,NA,NA,NA,NA,NA,NA
Suricata suricatta,Male,Surgical,5,2,5,1,0,0,28,41,140,62,148,67,0,0,677,1094,0.083333333,0,0,0,NA,0,0.273975001,0.100405088,0.039933442,0.034819174,0.02020584,NA,0,0.318478391,0.184699423,0,0.1,0.047619048,NA,0,0.472235674,0.209665693,0.092866446,0.140180517,0.082837279,NA,0,0.642098816,0.242935179,0.111111111,0.266666667,0.047619048,NA,0,0.720595357,0.293193229,0.154362241,0.374548821,0.208996665,NA,0,0.848112658
Sus scrofa,Male,Surgical,0,0,2,1,0,0,6,9,8,3,8,1,0,0,113,133,NA,NA,NA,NA,NA,NA,NA,NA,NA,NA,NA,NA,NA,NA,NA,NA,NA,NA,NA,NA,NA,NA,NA,NA,NA,NA,NA,NA,NA,NA,NA,NA,NA,NA,NA,NA,NA,NA,NA,NA,NA,NA
Symphalangus syndactylus,Female,Hormonal,0,6,2,1,0,0,4,13,2,2,2,2,0,0,34,42,NA,NA,NA,NA,NA,NA,NA,NA,NA,NA,NA,NA,NA,NA,NA,NA,NA,NA,NA,NA,NA,NA,NA,NA,NA,NA,NA,NA,NA,NA,NA,NA,NA,NA,NA,NA,NA,NA,NA,NA,NA,NA
Trachypithecus cristatus,Female,Hormonal,0,0,0,1,0,0,8,9,0,1,0,0,1,0,19,21,NA,NA,NA,NA,NA,NA,NA,NA,NA,NA,NA,NA,NA,NA,NA,NA,NA,NA,NA,NA,NA,NA,NA,NA,NA,NA,NA,NA,NA,NA,NA,NA,NA,NA,NA,NA,NA,NA,NA,NA,NA,NA
Trachypithecus francoisi,Female,Hormonal,0,4,0,0,2,0,9,15,1,1,1,0,1,0,18,22,0,0,0,0,0.125,0,0,0,0.142857143,0.111111111,0,0,0,0.583333333,0,0.142857143,0,0,0.234375,0,0.357142857,0,0.142857143,0.111111111,0,0.5,0,0.982638889,0,0.448979592,0,0,0.234375,0,0.910714286,0.25,0.142857143,0.111111111,0,0.5,0,0.997106481
Tragelaphus angasii,Male,Surgical,0,3,0,0,0,0,2,5,28,31,10,4,0,0,72,145,NA,NA,NA,NA,NA,NA,NA,NA,NA,NA,NA,NA,NA,NA,NA,NA,NA,NA,NA,NA,NA,NA,NA,NA,NA,NA,NA,NA,NA,NA,NA,NA,NA,NA,NA,NA,NA,NA,NA,NA,NA,NA
Tragelaphus oryx,Male,Surgical,4,2,1,6,0,0,14,27,45,14,19,10,0,0,168,256,0,0,0,0,NA,0,0.166666667,0.083431173,0.026608911,0.024303956,0.006666667,NA,0,0.370858236,0.19,0,0,0.090909091,NA,0,0.341563786,0.300894709,0.087314257,0.114903243,0.064123429,NA,0,0.651319327,0.316233766,0.076923077,0,0.155844156,NA,0,0.56786065,0.478048545,0.17216511,0.203797626,0.113955818,NA,0,0.897419198
Tragelaphus strepsiceros,Female,Hormonal,1,3,1,3,0,0,7,15,24,19,34,8,17,0,143,245,0,0.125,0,0,0,0,0,0.073012271,0.037471005,0.021531354,0,0.014772914,0,0.216278967,0,0.125,0,0,0,0,0.25,0.124981886,0.118377099,0.110842091,0.017168339,0.102618269,0,0.521082943,0.111111111,0.34375,0.090909091,0.125,0,0,0.485714286,0.20574093,0.160022356,0.303655637,0.090318594,0.175219594,0,0.753771493
Tragelaphus strepsiceros,Male,Surgical,1,1,5,0,0,0,11,18,32,18,17,4,0,0,125,196,0,0,0,0,NA,0,0.314285714,0.123752118,0.033524219,0.01762218,0,NA,0,0.23220776,0,0,0.111111111,0,NA,0,0.52,0.221720901,0.086985109,0.076300308,0.028245192,NA,0,0.539187681,0.1,0.111111111,0.222222222,0,NA,0,0.725714286,0.315969433,0.252738113,0.218000169,0.071813147,NA,0,0.845529673
Ursus americanus,Male,Surgical,0,1,3,0,0,0,5,9,2,3,12,4,0,0,46,67,NA,NA,NA,NA,NA,NA,NA,NA,NA,NA,NA,NA,NA,NA,NA,NA,NA,NA,NA,NA,NA,NA,NA,NA,NA,NA,NA,NA,NA,NA,NA,NA,NA,NA,NA,NA,NA,NA,NA,NA,NA,NA
Ursus arctos,Male,Surgical,0,1,7,2,0,0,2,12,1,0,10,4,0,0,19,34,NA,NA,NA,NA,NA,NA,NA,NA,NA,NA,NA,NA,NA,NA,NA,NA,NA,NA,NA,NA,NA,NA,NA,NA,NA,NA,NA,NA,NA,NA,NA,NA,NA,NA,NA,NA,NA,NA,NA,NA,NA,NA
Ursus maritimus,Male,Surgical,0,0,2,1,0,0,7,10,1,3,7,4,0,0,32,47,NA,NA,NA,NA,NA,NA,NA,NA,NA,NA,NA,NA,NA,NA,NA,NA,NA,NA,NA,NA,NA,NA,NA,NA,NA,NA,NA,NA,NA,NA,NA,NA,NA,NA,NA,NA,NA,NA,NA,NA,NA,NA
Varecia rubra,Female,Hormonal,2,2,5,2,0,0,19,30,2,7,13,4,1,0,83,110,0.5,0.325,0,0,0,0,0.333333333,0.052631579,0.078525641,0.076923077,0.05,0,0,0.662667076,0.5,0.325,0.213445378,0,0,0,0.639037433,0.086466165,0.139957265,0.144125106,0.05,0.032258065,0,0.890718879,0.6,0.325,0.410084034,0,0,0,0.898190045,0.086466165,0.211627493,0.31412241,0.136363636,0.032258065,0,0.967379101
Vicugna pacos,Male,Surgical,0,0,3,0,0,0,16,19,3,8,13,15,0,0,75,114,0,0,0,0,NA,0,0.307692308,0.02173913,0.067768412,0.066252588,0.135294173,NA,0,0.576371327,0,0,0.228571429,0,NA,0,0.815910585,0.051383399,0.127501738,0.155257471,0.24718459,NA,0,0.770186518,0,0,0.228571429,0,NA,0,0.953977646,0.051383399,0.212783523,0.332549113,0.371953662,NA,0,0.92550281
Vulpes lagopus,Male,Surgical,1,2,2,0,0,0,7,12,4,9,6,4,0,0,63,86,NA,NA,NA,NA,NA,NA,NA,NA,NA,NA,NA,NA,NA,NA,NA,NA,NA,NA,NA,NA,NA,NA,NA,NA,NA,NA,NA,NA,NA,NA,NA,NA,NA,NA,NA,NA,NA,NA,NA,NA,NA,NA
Vulpes vulpes,Female,Surgical,2,0,0,0,0,0,3,5,13,3,14,4,0,0,42,76,NA,NA,NA,NA,NA,NA,NA,NA,NA,NA,NA,NA,NA,NA,NA,NA,NA,NA,NA,NA,NA,NA,NA,NA,NA,NA,NA,NA,NA,NA,NA,NA,NA,NA,NA,NA,NA,NA,NA,NA,NA,NA
Vulpes vulpes,Male,Surgical,2,0,0,2,0,0,3,7,16,4,20,10,0,0,85,135,NA,NA,NA,NA,NA,NA,NA,NA,NA,NA,NA,NA,NA,NA,NA,NA,NA,NA,NA,NA,NA,NA,NA,NA,NA,NA,NA,NA,NA,NA,NA,NA,NA,NA,NA,NA,NA,NA,NA,NA,NA,NA
Vulpes zerda,Male,Surgical,0,1,3,2,0,0,9,15,7,6,41,8,0,0,90,152,0,0,0.1,0,NA,0,0.3,0.085952276,0.044117647,0.150575303,0,NA,0,0.246141973,0,0.125,0.382857143,0,NA,0,0.533333333,0.097823026,0.085768591,0.315849957,0.013888889,NA,0,0.526558899,0,0.125,0.382857143,0.666666667,NA,0,1,0.097823026,0.085768591,0.589652309,0.338237098,NA,0,0.848863684
Zalophus californianus,Female,Hormonal,0,0,1,1,0,0,8,10,5,10,18,4,3,0,108,148,NA,NA,NA,NA,NA,NA,NA,NA,NA,NA,NA,NA,NA,NA,NA,NA,NA,NA,NA,NA,NA,NA,NA,NA,NA,NA,NA,NA,NA,NA,NA,NA,NA,NA,NA,NA,NA,NA,NA,NA,NA,NA
Zalophus californianus,Male,Surgical,1,3,4,0,0,0,11,19,0,9,14,6,0,0,62,91,0,0,0,0,NA,0,0.5,0,0.209115226,0.205882353,0,NA,0,0.478572592,0,0,0,0,NA,0,0.638888889,0,0.238407255,0.357881434,0.052631579,NA,0,0.814730692,0,0.333333333,0.578125,0,NA,0,0.851851852,0,0.304895511,0.414387868,0.192243767,NA,0,0.944453738