"ID","Birth.Date","Min.Birth.Date","Max.Birth.Date","Entry.Date","Depart.Date","Depart.Type","contra"
1,1950-12-11,1950-12-11,1950-12-11,1950-12-11,1951-10-14,"D","No"
2,1985-03-19,1985-03-19,1985-03-19,1985-03-19,2004-05-14,"D","No"
3,1941-01-30,1941-01-30,1941-01-30,1941-01-30,1953-10-21,"D","No"
4,1975-01-09,1975-01-09,1975-01-09,1975-01-09,1987-08-18,"D","No"
5,1980-08-05,1980-08-05,1980-08-05,1980-08-05,1995-01-23,"D","No"
6,2006-11-09,2006-11-09,2006-11-09,2006-11-09,2020-12-31,"C","No"
7,1950-02-06,1950-02-06,1950-02-06,1950-02-06,1965-07-01,"D","No"
8,1968-01-25,1968-01-25,1968-01-25,1968-01-25,1978-02-01,"D","No"
9,1947-08-03,1947-08-03,1947-08-03,1947-08-03,1960-12-29,"D","No"
10,1952-10-27,1952-10-27,1952-10-27,1952-10-27,1971-10-10,"D","No"
11,1991-04-02,1991-04-02,1991-04-02,1991-04-02,1991-04-25,"D","No"
12,1994-08-10,1994-08-10,1994-08-10,1994-08-10,2013-05-02,"D","No"
13,1995-03-27,1995-03-27,1995-03-27,1995-03-27,2008-02-26,"D","No"
14,2003-05-16,2003-05-16,2003-05-16,2003-05-16,2020-08-06,"D","No"
15,2006-01-08,2006-01-08,2006-01-08,2006-01-08,2020-12-31,"C","Yes"
16,1953-12-29,1953-12-29,1953-12-29,1953-12-29,1970-05-23,"D","No"
17,1941-05-30,1941-05-30,1941-05-30,1941-05-30,1959-04-04,"D","Yes"
18,2005-10-29,2005-10-29,2005-10-29,2005-10-29,2015-09-13,"D","No"
19,1943-06-12,1943-06-12,1943-06-12,1943-06-12,1959-03-20,"D","No"
20,1991-11-03,1991-11-03,1991-11-03,1991-11-03,2013-01-28,"D","No"
21,1981-06-12,1981-06-12,1981-06-12,1981-06-12,1981-11-22,"D","No"
22,1987-11-22,1987-11-22,1987-11-22,1987-11-22,1995-04-21,"D","No"
23,1941-12-27,1941-12-27,1941-12-27,1941-12-27,1942-10-21,"D","No"
24,1989-12-26,1989-12-26,1989-12-26,1989-12-26,2010-09-08,"D","No"
25,1973-09-11,1973-09-11,1973-09-11,1973-09-11,1994-04-17,"D","Yes"
26,1942-02-08,1942-02-08,1942-02-08,1942-02-08,1968-05-28,"D","No"
27,1940-06-15,1940-06-15,1940-06-15,1940-06-15,1960-03-17,"D","No"
28,1999-09-18,1999-09-18,1999-09-18,1999-09-18,2020-08-21,"D","No"
29,1982-04-11,1982-04-11,1982-04-11,1982-04-11,2000-05-09,"D","No"
30,2000-12-30,2000-12-30,2000-12-30,2000-12-30,2011-11-19,"D","No"
31,1968-11-19,1968-11-19,1968-11-19,1968-11-19,1979-11-13,"D","No"
32,1984-08-14,1984-08-14,1984-08-14,1984-08-14,1998-11-09,"D","No"
33,1994-07-12,1994-07-12,1994-07-12,1994-07-12,1994-10-02,"D","No"
34,1969-02-27,1969-02-27,1969-02-27,1969-02-27,1978-11-29,"D","No"
35,1960-11-13,1960-11-13,1960-11-13,1960-11-13,1976-04-15,"D","No"
36,1944-10-01,1944-10-01,1944-10-01,1944-10-01,1950-11-26,"D","No"
37,1982-05-12,1982-05-12,1982-05-12,1982-05-12,2002-05-28,"D","Yes"
38,1947-05-26,1947-05-26,1947-05-26,1947-05-26,1953-12-21,"D","No"
39,1968-01-09,1968-01-09,1968-01-09,1968-01-09,1982-07-17,"D","No"
40,1942-10-26,1942-10-26,1942-10-26,1942-10-26,1957-12-07,"D","No"
41,1997-09-01,1997-09-01,1997-09-01,1997-09-01,1997-09-18,"D","No"
42,1958-05-20,1958-05-20,1958-05-20,1958-05-20,1971-12-27,"D","No"
43,1962-03-16,1962-03-16,1962-03-16,1962-03-16,1980-07-07,"D","No"
44,1985-09-28,1985-09-28,1985-09-28,1985-09-28,1999-11-17,"D","Yes"
45,2009-08-18,2009-08-18,2009-08-18,2009-08-18,2009-10-24,"D","No"
46,1943-09-19,1943-09-19,1943-09-19,1943-09-19,1956-11-04,"D","No"
47,1964-04-18,1964-04-18,1964-04-18,1964-04-18,1979-01-03,"D","No"
48,1996-05-04,1996-05-04,1996-05-04,1996-05-04,2013-07-24,"D","No"
49,1965-10-22,1965-10-22,1965-10-22,1965-10-22,1966-10-25,"D","No"
50,2005-06-16,2005-06-16,2005-06-16,2005-06-16,2020-12-31,"C","No"
51,1979-05-28,1979-05-28,1979-05-28,1979-05-28,2003-08-19,"D","No"
52,1947-12-13,1947-12-13,1947-12-13,1947-12-13,1970-05-01,"D","No"
53,1997-09-20,1997-09-20,1997-09-20,1997-09-20,1998-09-03,"D","No"
54,2002-11-14,2002-11-14,2002-11-14,2002-11-14,2010-08-07,"D","No"
55,2005-01-03,2005-01-03,2005-01-03,2005-01-03,2017-08-28,"D","No"
56,1962-09-28,1962-09-28,1962-09-28,1962-09-28,1964-03-16,"D","No"
57,2006-10-30,2006-10-30,2006-10-30,2006-10-30,2020-12-31,"C","No"
58,1991-10-21,1991-10-21,1991-10-21,1991-10-21,2010-06-22,"D","No"
59,1956-04-25,1956-04-25,1956-04-25,1956-04-25,1972-11-19,"D","No"
60,1941-08-10,1941-08-10,1941-08-10,1941-08-10,1966-05-31,"D","No"
61,1988-09-08,1988-09-08,1988-09-08,1988-09-08,1988-09-26,"D","No"
62,1964-08-03,1964-08-03,1964-08-03,1964-08-03,1981-11-12,"D","No"
63,1979-08-27,1979-08-27,1979-08-27,1979-08-27,1997-02-16,"D","No"
64,1955-12-20,1955-12-20,1955-12-20,1955-12-20,1964-07-11,"D","No"
65,1971-02-21,1971-02-21,1971-02-21,1971-02-21,1989-10-22,"D","No"
66,1955-10-27,1955-10-27,1955-10-27,1955-10-27,1968-04-20,"D","No"
67,1941-04-10,1941-04-10,1941-04-10,1941-04-10,1964-04-08,"D","Yes"
68,1995-10-04,1995-10-04,1995-10-04,1995-10-04,2014-06-15,"D","No"
69,1998-05-19,1998-05-19,1998-05-19,1998-05-19,2020-12-31,"C","No"
70,1976-11-21,1976-11-21,1976-11-21,1976-11-21,1987-09-17,"D","No"
71,1996-03-20,1996-03-20,1996-03-20,1996-03-20,1996-05-29,"D","No"
72,1983-01-05,1983-01-05,1983-01-05,1983-01-05,1987-05-04,"D","No"
73,1997-07-09,1997-07-09,1997-07-09,1997-07-09,2017-05-13,"D","No"
74,1973-11-07,1973-11-07,1973-11-07,1973-11-07,1986-03-18,"D","No"
75,1953-10-14,1953-10-14,1953-10-14,1953-10-14,1967-07-16,"D","No"
76,1991-12-04,1991-12-04,1991-12-04,1991-12-04,2015-10-11,"D","Yes"
77,1962-11-29,1962-11-29,1962-11-29,1962-11-29,1963-03-01,"D","No"
78,1959-04-16,1959-04-16,1959-04-16,1959-04-16,1959-09-23,"D","No"
79,2001-05-19,2001-05-19,2001-05-19,2001-05-19,2002-03-28,"D","No"
80,1942-12-07,1942-12-07,1942-12-07,1942-12-07,1965-11-18,"D","Yes"
81,1993-04-11,1993-04-11,1993-04-11,1993-04-11,2010-02-25,"D","No"
82,1958-01-11,1958-01-11,1958-01-11,1958-01-11,1958-05-16,"D","No"
83,1958-05-14,1958-05-14,1958-05-14,1958-05-14,1975-02-20,"D","No"
84,1962-11-25,1962-11-25,1962-11-25,1962-11-25,1974-10-06,"D","No"
85,1957-08-25,1957-08-25,1957-08-25,1957-08-25,1969-07-27,"D","No"
86,1943-05-28,1943-05-28,1943-05-28,1943-05-28,1943-11-17,"D","No"
87,1956-05-23,1956-05-23,1956-05-23,1956-05-23,1969-05-20,"D","No"
88,1964-08-19,1964-08-19,1964-08-19,1964-08-19,1973-12-26,"D","No"
89,1956-12-26,1956-12-26,1956-12-26,1956-12-26,1975-05-04,"D","No"
90,1986-12-10,1986-12-10,1986-12-10,1986-12-10,2002-03-25,"D","No"
91,1981-09-28,1981-09-28,1981-09-28,1981-09-28,1992-04-06,"D","Yes"
92,1985-12-22,1985-12-22,1985-12-22,1985-12-22,2001-03-07,"D","No"
93,1959-08-19,1959-08-19,1959-08-19,1959-08-19,1978-01-28,"D","No"
94,1954-01-15,1954-01-15,1954-01-15,1954-01-15,1962-06-20,"D","No"
95,1976-03-03,1976-03-03,1976-03-03,1976-03-03,1976-03-12,"D","No"
96,1990-10-02,1990-10-02,1990-10-02,1990-10-02,2008-03-25,"D","No"
97,1956-07-17,1956-07-17,1956-07-17,1956-07-17,1976-09-16,"D","No"
98,1956-12-10,1956-12-10,1956-12-10,1956-12-10,1969-02-27,"D","Yes"
99,2003-11-21,2003-11-21,2003-11-21,2003-11-21,2005-01-08,"D","No"
100,2002-08-09,2002-08-09,2002-08-09,2002-08-09,2020-12-31,"C","No"
101,1982-04-08,1982-04-08,1982-04-08,1982-04-08,1996-03-26,"D","No"
102,1974-10-27,1974-10-27,1974-10-27,1974-10-27,1979-01-13,"D","No"
103,1941-03-09,1941-03-09,1941-03-09,1941-03-09,1952-06-14,"D","No"
104,1971-01-21,1971-01-21,1971-01-21,1971-01-21,1983-07-20,"D","Yes"
105,1966-05-05,1966-05-05,1966-05-05,1966-05-05,1977-11-18,"D","Yes"
106,1987-10-29,1987-10-29,1987-10-29,1987-10-29,1987-11-01,"D","No"
107,1951-08-08,1951-08-08,1951-08-08,1951-08-08,1969-07-29,"D","No"
108,1967-01-01,1967-01-01,1967-01-01,1967-01-01,1984-10-01,"D","No"
109,1971-02-04,1971-02-04,1971-02-04,1971-02-04,1987-01-23,"D","Yes"
110,1997-08-22,1997-08-22,1997-08-22,1997-08-22,2001-05-16,"D","No"
111,1952-09-18,1952-09-18,1952-09-18,1952-09-18,1960-06-14,"D","No"
112,1958-07-08,1958-07-08,1958-07-08,1958-07-08,1959-10-29,"D","No"
113,2008-07-23,2008-07-23,2008-07-23,2008-07-23,2020-12-31,"C","No"
114,1966-01-30,1966-01-30,1966-01-30,1966-01-30,1975-04-20,"D","No"
115,1963-02-06,1963-02-06,1963-02-06,1963-02-06,1979-06-01,"D","No"
116,2006-08-28,2006-08-28,2006-08-28,2006-08-28,2008-02-26,"D","No"
117,1950-08-29,1950-08-29,1950-08-29,1950-08-29,1968-04-30,"D","No"
118,1976-07-22,1976-07-22,1976-07-22,1976-07-22,1989-03-17,"D","No"
119,1952-10-13,1952-10-13,1952-10-13,1952-10-13,1953-08-05,"D","No"
120,1994-02-17,1994-02-17,1994-02-17,1994-02-17,1994-05-27,"D","No"
121,1993-05-05,1993-05-05,1993-05-05,1993-05-05,2003-10-07,"D","No"
122,1952-10-11,1952-10-11,1952-10-11,1952-10-11,1971-09-19,"D","No"
123,1964-01-28,1964-01-28,1964-01-28,1964-01-28,1981-08-21,"D","No"
124,1945-04-09,1945-04-09,1945-04-09,1945-04-09,1962-08-10,"D","No"
125,1947-12-04,1947-12-04,1947-12-04,1947-12-04,1968-03-18,"D","No"
126,1994-08-20,1994-08-20,1994-08-20,1994-08-20,2015-06-12,"D","No"
127,1969-05-14,1969-05-14,1969-05-14,1969-05-14,1990-02-16,"D","No"
128,1979-07-20,1979-07-20,1979-07-20,1979-07-20,1988-02-08,"D","No"
129,1999-02-08,1999-02-08,1999-02-08,1999-02-08,1999-05-02,"D","No"
130,1940-09-02,1940-09-02,1940-09-02,1940-09-02,1940-11-30,"D","No"
131,1947-07-11,1947-07-11,1947-07-11,1947-07-11,1966-03-17,"D","No"
132,2001-04-27,2001-04-27,2001-04-27,2001-04-27,2001-06-30,"D","No"
133,2008-09-24,2008-09-24,2008-09-24,2008-09-24,2019-09-01,"D","No"
134,1943-06-23,1943-06-23,1943-06-23,1943-06-23,1961-07-22,"D","No"
135,1988-04-03,1988-04-03,1988-04-03,1988-04-03,2010-02-20,"D","No"
136,1983-12-28,1983-12-28,1983-12-28,1983-12-28,1998-08-31,"D","No"
137,2000-12-08,2000-12-08,2000-12-08,2000-12-08,2017-08-14,"D","No"
138,1946-11-19,1946-11-19,1946-11-19,1946-11-19,1947-05-07,"D","No"
139,1992-08-19,1992-08-19,1992-08-19,1992-08-19,2011-10-25,"D","No"
140,1992-10-20,1992-10-20,1992-10-20,1992-10-20,2001-12-31,"D","No"
141,1964-12-03,1964-12-03,1964-12-03,1964-12-03,1976-06-04,"D","No"
142,1979-03-17,1979-03-17,1979-03-17,1979-03-17,1997-04-11,"D","No"
143,1944-10-19,1944-10-19,1944-10-19,1944-10-19,1960-02-10,"D","No"
144,1966-07-13,1966-07-13,1966-07-13,1966-07-13,1990-05-11,"D","No"
145,1948-06-21,1948-06-21,1948-06-21,1948-06-21,1953-12-23,"D","No"
146,1948-11-28,1948-11-28,1948-11-28,1948-11-28,1963-09-04,"D","No"
147,1977-05-27,1977-05-27,1977-05-27,1977-05-27,1977-10-08,"D","No"
148,1998-07-30,1998-07-30,1998-07-30,1998-07-30,2014-02-15,"D","No"
149,1998-02-03,1998-02-03,1998-02-03,1998-02-03,2008-04-07,"D","No"
150,1981-10-14,1981-10-14,1981-10-14,1981-10-14,1982-07-04,"D","No"
151,1972-11-24,1972-11-24,1972-11-24,1972-11-24,1973-11-23,"D","No"
152,1961-10-23,1961-10-23,1961-10-23,1961-10-23,1982-11-09,"D","Yes"
153,2006-11-08,2006-11-08,2006-11-08,2006-11-08,2006-11-15,"D","No"
154,1996-09-19,1996-09-19,1996-09-19,1996-09-19,1996-10-09,"D","No"
155,1966-09-22,1966-09-22,1966-09-22,1966-09-22,1985-08-31,"D","No"
156,1986-03-22,1986-03-22,1986-03-22,1986-03-22,2006-03-28,"D","No"
157,1970-01-19,1970-01-19,1970-01-19,1970-01-19,1970-10-13,"D","No"
158,1995-12-11,1995-12-11,1995-12-11,1995-12-11,2015-12-25,"D","No"
159,1954-05-30,1954-05-30,1954-05-30,1954-05-30,1954-06-10,"D","No"
160,1960-09-26,1960-09-26,1960-09-26,1960-09-26,1979-02-27,"D","No"
161,2001-11-10,2001-11-10,2001-11-10,2001-11-10,2015-05-09,"D","No"
162,1995-07-21,1995-07-21,1995-07-21,1995-07-21,2007-01-04,"D","No"
163,1984-01-29,1984-01-29,1984-01-29,1984-01-29,1992-07-01,"D","No"
164,1961-05-28,1961-05-28,1961-05-28,1961-05-28,1986-03-09,"D","Yes"
165,1982-08-29,1982-08-29,1982-08-29,1982-08-29,1999-07-05,"D","No"
166,2006-04-17,2006-04-17,2006-04-17,2006-04-17,2008-04-26,"D","No"
167,1967-06-14,1967-06-14,1967-06-14,1967-06-14,1967-10-28,"D","No"
168,2000-06-08,2000-06-08,2000-06-08,2000-06-08,2009-08-04,"D","No"
169,1958-07-05,1958-07-05,1958-07-05,1958-07-05,1973-12-05,"D","No"
170,1981-08-06,1981-08-06,1981-08-06,1981-08-06,1990-03-03,"D","No"
171,2001-10-16,2001-10-16,2001-10-16,2001-10-16,2020-12-31,"C","No"
172,2001-11-02,2001-11-02,2001-11-02,2001-11-02,2015-02-16,"D","No"
173,1953-09-19,1953-09-19,1953-09-19,1953-09-19,1970-04-19,"D","No"
174,1965-02-22,1965-02-22,1965-02-22,1965-02-22,1976-03-10,"D","No"
175,1948-08-11,1948-08-11,1948-08-11,1948-08-11,1960-05-17,"D","No"
176,1999-04-18,1999-04-18,1999-04-18,1999-04-18,2010-10-14,"D","No"
177,1953-06-23,1953-06-23,1953-06-23,1953-06-23,1960-11-13,"D","No"
178,1945-11-02,1945-11-02,1945-11-02,1945-11-02,1967-11-23,"D","No"
179,1954-03-24,1954-03-24,1954-03-24,1954-03-24,1971-06-23,"D","No"
180,1981-04-22,1981-04-22,1981-04-22,1981-04-22,2002-02-21,"D","No"
181,1945-07-30,1945-07-30,1945-07-30,1945-07-30,1965-01-15,"D","No"
182,1995-04-16,1995-04-16,1995-04-16,1995-04-16,2011-03-17,"D","Yes"
183,1963-04-06,1963-04-06,1963-04-06,1963-04-06,1985-06-27,"D","No"
184,1951-07-04,1951-07-04,1951-07-04,1951-07-04,1971-04-14,"D","No"
185,1983-04-09,1983-04-09,1983-04-09,1983-04-09,1998-03-28,"D","No"
186,1960-06-13,1960-06-13,1960-06-13,1960-06-13,1976-11-26,"D","No"
187,1970-03-19,1970-03-19,1970-03-19,1970-03-19,1987-12-31,"D","No"
188,1993-06-04,1993-06-04,1993-06-04,1993-06-04,2003-12-26,"D","No"
189,1950-01-15,1950-01-15,1950-01-15,1950-01-15,1974-01-19,"D","No"
190,1980-02-09,1980-02-09,1980-02-09,1980-02-09,1991-05-09,"D","No"
191,1965-07-18,1965-07-18,1965-07-18,1965-07-18,1982-04-15,"D","No"
192,1979-09-12,1979-09-12,1979-09-12,1979-09-12,2003-04-15,"D","Yes"
193,1942-12-11,1942-12-11,1942-12-11,1942-12-11,1954-11-14,"D","No"
194,2009-09-06,2009-09-06,2009-09-06,2009-09-06,2020-12-31,"C","No"
195,1999-08-30,1999-08-30,1999-08-30,1999-08-30,2017-02-24,"D","No"
196,1961-11-12,1961-11-12,1961-11-12,1961-11-12,1975-03-01,"D","No"
197,1946-09-09,1946-09-09,1946-09-09,1946-09-09,1947-01-01,"D","No"
198,1995-10-30,1995-10-30,1995-10-30,1995-10-30,1996-09-16,"D","No"
199,1999-02-09,1999-02-09,1999-02-09,1999-02-09,2017-01-03,"D","No"
200,1980-09-10,1980-09-10,1980-09-10,1980-09-10,1985-06-21,"D","No"
201,2001-08-04,2001-08-04,2001-08-04,2001-08-04,2004-08-22,"D","No"
202,1955-08-21,1955-08-21,1955-08-21,1955-08-21,1957-02-11,"D","No"
203,1984-06-29,1984-06-29,1984-06-29,1984-06-29,2003-01-16,"D","No"
204,1997-08-09,1997-08-09,1997-08-09,1997-08-09,1998-04-17,"D","No"
205,1992-03-15,1992-03-15,1992-03-15,1992-03-15,1992-09-25,"D","No"
206,1953-06-17,1953-06-17,1953-06-17,1953-06-17,1963-07-30,"D","No"
207,1983-07-13,1983-07-13,1983-07-13,1983-07-13,1983-07-21,"D","No"
208,1979-08-25,1979-08-25,1979-08-25,1979-08-25,2000-03-05,"D","No"
209,1947-05-07,1947-05-07,1947-05-07,1947-05-07,1962-05-19,"D","No"
210,1948-12-17,1948-12-17,1948-12-17,1948-12-17,1967-07-09,"D","No"
211,1963-07-30,1963-07-30,1963-07-30,1963-07-30,1972-09-09,"D","No"
212,1997-06-25,1997-06-25,1997-06-25,1997-06-25,2017-07-11,"D","No"
213,1965-01-28,1965-01-28,1965-01-28,1965-01-28,1971-03-07,"D","No"
214,2004-04-18,2004-04-18,2004-04-18,2004-04-18,2020-12-31,"C","No"
215,1965-09-25,1965-09-25,1965-09-25,1965-09-25,1984-02-02,"D","No"
216,1958-07-17,1958-07-17,1958-07-17,1958-07-17,1980-07-25,"D","Yes"
217,1985-03-05,1985-03-05,1985-03-05,1985-03-05,1999-12-20,"D","No"
218,1993-11-17,1993-11-17,1993-11-17,1993-11-17,2004-11-09,"D","No"
219,1992-09-15,1992-09-15,1992-09-15,1992-09-15,2010-04-03,"D","No"
220,1999-07-21,1999-07-21,1999-07-21,1999-07-21,2004-03-04,"D","No"
221,1982-12-02,1982-12-02,1982-12-02,1982-12-02,2004-06-29,"D","No"
222,2004-05-27,2004-05-27,2004-05-27,2004-05-27,2004-11-07,"D","No"
223,1977-10-19,1977-10-19,1977-10-19,1977-10-19,1982-12-24,"D","No"
224,1943-03-07,1943-03-07,1943-03-07,1943-03-07,1956-10-01,"D","No"
225,2000-03-04,2000-03-04,2000-03-04,2000-03-04,2014-10-28,"D","No"
226,1979-02-27,1979-02-27,1979-02-27,1979-02-27,1989-11-29,"D","No"
227,1940-09-06,1940-09-06,1940-09-06,1940-09-06,1962-05-30,"D","No"
228,1998-11-17,1998-11-17,1998-11-17,1998-11-17,2020-12-31,"C","No"
229,1948-08-09,1948-08-09,1948-08-09,1948-08-09,1969-03-21,"D","No"
230,2006-12-10,2006-12-10,2006-12-10,2006-12-10,2020-12-31,"C","No"
231,1948-11-13,1948-11-13,1948-11-13,1948-11-13,1960-06-12,"D","No"
232,1976-09-15,1976-09-15,1976-09-15,1976-09-15,1999-03-21,"D","No"
233,1982-09-03,1982-09-03,1982-09-03,1982-09-03,1998-06-09,"D","No"
234,2008-01-07,2008-01-07,2008-01-07,2008-01-07,2008-07-18,"D","No"
235,1960-05-18,1960-05-18,1960-05-18,1960-05-18,1972-08-27,"D","No"
236,1969-09-10,1969-09-10,1969-09-10,1969-09-10,1982-10-08,"D","No"
237,1972-07-20,1972-07-20,1972-07-20,1972-07-20,1990-02-21,"D","No"
238,2008-01-07,2008-01-07,2008-01-07,2008-01-07,2011-02-21,"D","No"
239,1986-03-01,1986-03-01,1986-03-01,1986-03-01,1996-02-15,"D","No"
240,1948-12-24,1948-12-24,1948-12-24,1948-12-24,1949-02-21,"D","No"
241,1978-03-14,1978-03-14,1978-03-14,1978-03-14,1989-08-20,"D","No"
242,1940-02-14,1940-02-14,1940-02-14,1940-02-14,1954-08-11,"D","No"
243,1964-12-06,1964-12-06,1964-12-06,1964-12-06,1983-10-29,"D","Yes"
244,1945-01-24,1945-01-24,1945-01-24,1945-01-24,1960-12-14,"D","No"
245,1951-08-26,1951-08-26,1951-08-26,1951-08-26,1975-01-27,"D","Yes"
246,1958-10-20,1958-10-20,1958-10-20,1958-10-20,1969-09-08,"D","No"
247,1960-12-25,1960-12-25,1960-12-25,1960-12-25,1976-06-20,"D","No"
248,1966-05-26,1966-05-26,1966-05-26,1966-05-26,1982-08-04,"D","No"
249,1993-02-12,1993-02-12,1993-02-12,1993-02-12,2018-04-23,"D","Yes"
250,1989-01-29,1989-01-29,1989-01-29,1989-01-29,1999-01-07,"D","No"
251,2003-02-12,2003-02-12,2003-02-12,2003-02-12,2020-12-31,"C","No"
252,1959-03-02,1959-03-02,1959-03-02,1959-03-02,1968-04-27,"D","No"
253,2003-05-03,2003-05-03,2003-05-03,2003-05-03,2004-03-04,"D","No"
254,1963-01-21,1963-01-21,1963-01-21,1963-01-21,1983-03-03,"D","No"
255,1978-04-05,1978-04-05,1978-04-05,1978-04-05,1999-10-08,"D","No"
256,1990-02-23,1990-02-23,1990-02-23,1990-02-23,2004-08-15,"D","No"
257,1987-07-25,1987-07-25,1987-07-25,1987-07-25,2005-01-03,"D","No"
258,2004-11-13,2004-11-13,2004-11-13,2004-11-13,2005-02-13,"D","No"
259,1949-03-14,1949-03-14,1949-03-14,1949-03-14,1972-11-30,"D","Yes"
260,1947-12-28,1947-12-28,1947-12-28,1947-12-28,1961-12-24,"D","No"
261,2008-03-01,2008-03-01,2008-03-01,2008-03-01,2020-12-31,"C","Yes"
262,1948-10-09,1948-10-09,1948-10-09,1948-10-09,1948-10-17,"D","No"
263,1994-12-02,1994-12-02,1994-12-02,1994-12-02,2005-12-13,"D","No"
264,2007-01-11,2007-01-11,2007-01-11,2007-01-11,2020-06-02,"D","No"
265,2009-03-05,2009-03-05,2009-03-05,2009-03-05,2020-12-31,"C","No"
266,1998-05-14,1998-05-14,1998-05-14,1998-05-14,2017-11-10,"D","No"
267,1969-04-03,1969-04-03,1969-04-03,1969-04-03,1988-10-20,"D","No"
268,1992-03-09,1992-03-09,1992-03-09,1992-03-09,2005-09-24,"D","No"
269,1962-06-27,1962-06-27,1962-06-27,1962-06-27,1982-10-01,"D","No"
270,2008-07-17,2008-07-17,2008-07-17,2008-07-17,2009-06-26,"D","No"
271,1986-10-15,1986-10-15,1986-10-15,1986-10-15,1987-01-25,"D","No"
272,2002-12-31,2002-12-31,2002-12-31,2002-12-31,2003-01-02,"D","No"
273,1979-09-28,1979-09-28,1979-09-28,1979-09-28,1999-02-16,"D","No"
274,1980-04-11,1980-04-11,1980-04-11,1980-04-11,1980-10-09,"D","No"
275,1972-08-11,1972-08-11,1972-08-11,1972-08-11,1990-07-28,"D","No"
276,1941-10-20,1941-10-20,1941-10-20,1941-10-20,1961-11-26,"D","No"
277,1997-06-21,1997-06-21,1997-06-21,1997-06-21,2010-04-28,"D","Yes"
278,2005-01-15,2005-01-15,2005-01-15,2005-01-15,2005-09-06,"D","No"
279,1961-03-17,1961-03-17,1961-03-17,1961-03-17,1989-03-13,"D","Yes"
280,1999-08-18,1999-08-18,1999-08-18,1999-08-18,2007-03-22,"D","No"
281,1966-06-14,1966-06-14,1966-06-14,1966-06-14,1979-08-09,"D","No"
282,2008-04-30,2008-04-30,2008-04-30,2008-04-30,2020-12-31,"C","No"
283,1943-09-02,1943-09-02,1943-09-02,1943-09-02,1961-10-03,"D","No"
284,1996-10-26,1996-10-26,1996-10-26,1996-10-26,2011-09-17,"D","No"
285,1960-10-13,1960-10-13,1960-10-13,1960-10-13,1985-07-06,"D","No"
286,1947-04-12,1947-04-12,1947-04-12,1947-04-12,1953-07-23,"D","No"
287,2000-01-26,2000-01-26,2000-01-26,2000-01-26,2014-09-04,"D","No"
288,1991-05-22,1991-05-22,1991-05-22,1991-05-22,2008-04-15,"D","No"
289,1951-09-29,1951-09-29,1951-09-29,1951-09-29,1965-08-06,"D","No"
290,1956-12-27,1956-12-27,1956-12-27,1956-12-27,1971-07-22,"D","No"
291,1941-07-27,1941-07-27,1941-07-27,1941-07-27,1964-04-05,"D","Yes"
292,1972-04-03,1972-04-03,1972-04-03,1972-04-03,1980-09-26,"D","No"
293,1960-11-16,1960-11-16,1960-11-16,1960-11-16,1975-12-11,"D","No"
294,1958-10-23,1958-10-23,1958-10-23,1958-10-23,1971-03-06,"D","No"
295,1983-05-21,1983-05-21,1983-05-21,1983-05-21,2008-07-28,"D","Yes"
296,1942-10-27,1942-10-27,1942-10-27,1942-10-27,1943-03-22,"D","No"
297,1955-06-16,1955-06-16,1955-06-16,1955-06-16,1974-12-10,"D","Yes"
298,2009-01-07,2009-01-07,2009-01-07,2009-01-07,2009-12-11,"D","No"
299,1979-07-10,1979-07-10,1979-07-10,1979-07-10,1979-09-13,"D","No"
300,1948-04-05,1948-04-05,1948-04-05,1948-04-05,1955-05-05,"D","No"
301,1996-10-05,1996-10-05,1996-10-05,1996-10-05,2012-09-29,"D","No"
302,1956-03-20,1956-03-20,1956-03-20,1956-03-20,1970-10-12,"D","No"
303,1992-02-22,1992-02-22,1992-02-22,1992-02-22,1996-09-30,"D","No"
304,1995-05-11,1995-05-11,1995-05-11,1995-05-11,2018-12-23,"D","No"
305,2003-01-31,2003-01-31,2003-01-31,2003-01-31,2020-12-31,"C","No"
306,1997-12-29,1997-12-29,1997-12-29,1997-12-29,2003-11-02,"D","No"
307,1966-08-24,1966-08-24,1966-08-24,1966-08-24,1983-03-31,"D","No"
308,2004-01-08,2004-01-08,2004-01-08,2004-01-08,2015-07-01,"D","No"
309,2008-05-20,2008-05-20,2008-05-20,2008-05-20,2019-01-19,"D","No"
310,2006-04-14,2006-04-14,2006-04-14,2006-04-14,2020-12-31,"C","No"
311,1999-12-20,1999-12-20,1999-12-20,1999-12-20,2011-07-23,"D","No"
312,1946-09-23,1946-09-23,1946-09-23,1946-09-23,1970-09-03,"D","No"
313,1996-10-09,1996-10-09,1996-10-09,1996-10-09,2006-02-03,"D","No"
314,1987-12-16,1987-12-16,1987-12-16,1987-12-16,2008-10-19,"D","No"
315,1966-04-30,1966-04-30,1966-04-30,1966-04-30,1977-12-25,"D","No"
316,1942-02-28,1942-02-28,1942-02-28,1942-02-28,1948-01-06,"D","No"
317,1944-05-25,1944-05-25,1944-05-25,1944-05-25,1966-11-15,"D","No"
318,2002-11-27,2002-11-27,2002-11-27,2002-11-27,2020-12-31,"C","No"
319,2002-10-27,2002-10-27,2002-10-27,2002-10-27,2003-03-27,"D","No"
320,1988-06-23,1988-06-23,1988-06-23,1988-06-23,2000-12-06,"D","No"
321,2004-04-08,2004-04-08,2004-04-08,2004-04-08,2007-05-19,"D","No"
322,1946-04-21,1946-04-21,1946-04-21,1946-04-21,1946-09-23,"D","No"
323,1994-08-11,1994-08-11,1994-08-11,1994-08-11,2004-07-23,"D","No"
324,1940-08-19,1940-08-19,1940-08-19,1940-08-19,1963-11-07,"D","No"
325,1992-08-13,1992-08-13,1992-08-13,1992-08-13,2017-04-10,"D","Yes"
326,1993-05-26,1993-05-26,1993-05-26,1993-05-26,1993-10-20,"D","No"
327,1995-06-20,1995-06-20,1995-06-20,1995-06-20,2017-05-01,"D","Yes"
328,1956-12-24,1956-12-24,1956-12-24,1956-12-24,1970-10-18,"D","No"
329,1995-03-23,1995-03-23,1995-03-23,1995-03-23,2012-02-18,"D","No"
330,1955-01-29,1955-01-29,1955-01-29,1955-01-29,1969-10-01,"D","No"
331,2006-11-19,2006-11-19,2006-11-19,2006-11-19,2018-07-16,"D","No"
332,1951-06-18,1951-06-18,1951-06-18,1951-06-18,1964-12-18,"D","No"
333,1949-09-04,1949-09-04,1949-09-04,1949-09-04,1972-04-30,"D","No"
334,1988-11-11,1988-11-11,1988-11-11,1988-11-11,2014-05-12,"D","No"
335,1962-06-15,1962-06-15,1962-06-15,1962-06-15,1983-09-04,"D","No"
336,2003-09-02,2003-09-02,2003-09-02,2003-09-02,2020-12-31,"C","No"
337,1978-12-31,1978-12-31,1978-12-31,1978-12-31,1979-05-15,"D","No"
338,1987-12-27,1987-12-27,1987-12-27,1987-12-27,1988-05-29,"D","No"
339,1978-02-04,1978-02-04,1978-02-04,1978-02-04,1995-08-20,"D","No"
340,1982-10-17,1982-10-17,1982-10-17,1982-10-17,1998-12-07,"D","No"
341,1942-01-01,1942-01-01,1942-01-01,1942-01-01,1965-03-03,"D","Yes"
342,1975-10-15,1975-10-15,1975-10-15,1975-10-15,1986-08-18,"D","No"
343,1991-12-09,1991-12-09,1991-12-09,1991-12-09,2011-07-05,"D","No"
344,1996-11-28,1996-11-28,1996-11-28,1996-11-28,2019-08-25,"D","Yes"
345,1952-12-27,1952-12-27,1952-12-27,1952-12-27,1968-04-27,"D","No"
346,1952-07-17,1952-07-17,1952-07-17,1952-07-17,1976-07-04,"D","No"
347,1954-09-15,1954-09-15,1954-09-15,1954-09-15,1974-04-26,"D","No"
348,1976-01-11,1976-01-11,1976-01-11,1976-01-11,1989-04-30,"D","No"
349,1957-10-03,1957-10-03,1957-10-03,1957-10-03,1980-02-13,"D","Yes"
350,1958-10-02,1958-10-02,1958-10-02,1958-10-02,1958-12-09,"D","No"
351,1980-08-08,1980-08-08,1980-08-08,1980-08-08,1990-08-31,"D","No"
352,1956-08-14,1956-08-14,1956-08-14,1956-08-14,1974-03-04,"D","No"
353,1972-03-30,1972-03-30,1972-03-30,1972-03-30,1973-02-13,"D","No"
354,1980-01-16,1980-01-16,1980-01-16,1980-01-16,1980-04-02,"D","No"
355,1959-07-09,1959-07-09,1959-07-09,1959-07-09,1959-12-24,"D","No"
356,1950-01-08,1950-01-08,1950-01-08,1950-01-08,1964-11-27,"D","No"
357,1940-07-03,1940-07-03,1940-07-03,1940-07-03,1959-12-08,"D","Yes"
358,1958-08-22,1958-08-22,1958-08-22,1958-08-22,1975-10-08,"D","No"
359,2008-10-18,2008-10-18,2008-10-18,2008-10-18,2020-12-31,"C","No"
360,1969-10-02,1969-10-02,1969-10-02,1969-10-02,1986-10-04,"D","No"
361,1996-03-21,1996-03-21,1996-03-21,1996-03-21,2011-11-14,"D","No"
362,1965-09-14,1965-09-14,1965-09-14,1965-09-14,1967-10-20,"D","No"
363,1960-05-18,1960-05-18,1960-05-18,1960-05-18,1977-04-19,"D","No"
364,1948-04-19,1948-04-19,1948-04-19,1948-04-19,1948-09-24,"D","No"
365,1953-05-26,1953-05-26,1953-05-26,1953-05-26,1970-12-22,"D","No"
366,1956-03-07,1956-03-07,1956-03-07,1956-03-07,1978-04-27,"D","No"
367,1990-05-07,1990-05-07,1990-05-07,1990-05-07,2012-09-19,"D","No"
368,2005-02-13,2005-02-13,2005-02-13,2005-02-13,2020-12-31,"C","No"
369,1991-04-28,1991-04-28,1991-04-28,1991-04-28,1991-06-22,"D","No"
370,1996-09-10,1996-09-10,1996-09-10,1996-09-10,1997-09-16,"D","No"
371,1952-11-12,1952-11-12,1952-11-12,1952-11-12,1969-03-06,"D","No"
372,1961-08-29,1961-08-29,1961-08-29,1961-08-29,1985-11-30,"D","Yes"
373,1988-06-12,1988-06-12,1988-06-12,1988-06-12,2002-04-30,"D","Yes"
374,1950-01-30,1950-01-30,1950-01-30,1950-01-30,1950-02-14,"D","No"
375,1960-01-07,1960-01-07,1960-01-07,1960-01-07,1973-06-04,"D","No"
376,1946-09-02,1946-09-02,1946-09-02,1946-09-02,1957-07-26,"D","No"
377,2001-01-15,2001-01-15,2001-01-15,2001-01-15,2019-02-02,"D","No"
378,1996-01-28,1996-01-28,1996-01-28,1996-01-28,2006-11-11,"D","No"
379,1954-10-01,1954-10-01,1954-10-01,1954-10-01,1965-11-17,"D","Yes"
380,1962-09-29,1962-09-29,1962-09-29,1962-09-29,1987-05-03,"D","No"
381,1967-07-15,1967-07-15,1967-07-15,1967-07-15,1983-06-03,"D","Yes"
382,1989-10-15,1989-10-15,1989-10-15,1989-10-15,2005-10-19,"D","No"
383,1980-11-12,1980-11-12,1980-11-12,1980-11-12,1981-09-21,"D","No"
384,1995-07-12,1995-07-12,1995-07-12,1995-07-12,2016-12-13,"D","Yes"
385,1948-09-04,1948-09-04,1948-09-04,1948-09-04,1952-05-30,"D","No"
386,1979-05-28,1979-05-28,1979-05-28,1979-05-28,1985-02-20,"D","No"
387,1963-10-13,1963-10-13,1963-10-13,1963-10-13,1975-11-09,"D","No"
388,1961-09-27,1961-09-27,1961-09-27,1961-09-27,1980-06-26,"D","No"
389,1945-03-01,1945-03-01,1945-03-01,1945-03-01,1969-10-21,"D","No"
390,1943-03-02,1943-03-02,1943-03-02,1943-03-02,1955-08-10,"D","Yes"
391,1989-03-18,1989-03-18,1989-03-18,1989-03-18,1989-12-17,"D","No"
392,1976-05-02,1976-05-02,1976-05-02,1976-05-02,1993-10-31,"D","No"
393,1947-02-25,1947-02-25,1947-02-25,1947-02-25,1954-03-02,"D","No"
394,1964-07-16,1964-07-16,1964-07-16,1964-07-16,1964-07-29,"D","No"
395,2002-11-07,2002-11-07,2002-11-07,2002-11-07,2009-07-11,"D","No"
396,1958-07-09,1958-07-09,1958-07-09,1958-07-09,1982-02-18,"D","Yes"
397,1999-01-14,1999-01-14,1999-01-14,1999-01-14,1999-02-27,"D","No"
398,1958-06-10,1958-06-10,1958-06-10,1958-06-10,1968-11-15,"D","No"
399,1970-02-10,1970-02-10,1970-02-10,1970-02-10,1987-04-24,"D","No"
400,1976-01-27,1976-01-27,1976-01-27,1976-01-27,1996-05-18,"D","No"
401,1953-11-28,1953-11-28,1953-11-28,1953-11-28,1959-07-19,"D","No"
402,1966-03-19,1966-03-19,1966-03-19,1966-03-19,1966-04-16,"D","No"
403,1999-11-29,1999-11-29,1999-11-29,1999-11-29,2019-08-19,"D","No"
404,2000-03-06,2000-03-06,2000-03-06,2000-03-06,2011-02-07,"D","No"
405,1964-07-25,1964-07-25,1964-07-25,1964-07-25,1965-09-16,"D","No"
406,2003-08-12,2003-08-12,2003-08-12,2003-08-12,2018-02-19,"D","No"
407,2006-02-22,2006-02-22,2006-02-22,2006-02-22,2020-12-31,"C","No"
408,1986-01-04,1986-01-04,1986-01-04,1986-01-04,2001-10-05,"D","No"
409,1955-11-13,1955-11-13,1955-11-13,1955-11-13,1965-05-31,"D","No"
410,2007-05-11,2007-05-11,2007-05-11,2007-05-11,2020-12-31,"C","No"
411,1969-06-04,1969-06-04,1969-06-04,1969-06-04,1984-11-23,"D","No"
412,1961-11-15,1961-11-15,1961-11-15,1961-11-15,1976-01-04,"D","No"
413,2006-06-03,2006-06-03,2006-06-03,2006-06-03,2020-12-31,"C","No"
414,1989-10-15,1989-10-15,1989-10-15,1989-10-15,2005-09-09,"D","No"
415,2003-11-16,2003-11-16,2003-11-16,2003-11-16,2009-08-18,"D","No"
416,1949-04-22,1949-04-22,1949-04-22,1949-04-22,1962-09-18,"D","No"
417,1982-03-15,1982-03-15,1982-03-15,1982-03-15,2000-11-19,"D","No"
418,1970-01-02,1970-01-02,1970-01-02,1970-01-02,1970-10-26,"D","No"
419,1965-02-18,1965-02-18,1965-02-18,1965-02-18,1965-08-27,"D","No"
420,1943-11-06,1943-11-06,1943-11-06,1943-11-06,1955-04-17,"D","No"
421,1997-10-30,1997-10-30,1997-10-30,1997-10-30,2006-04-21,"D","No"
422,1944-11-07,1944-11-07,1944-11-07,1944-11-07,1948-10-16,"D","No"
423,1965-05-13,1965-05-13,1965-05-13,1965-05-13,1978-03-09,"D","No"
424,1995-10-16,1995-10-16,1995-10-16,1995-10-16,2012-05-29,"D","No"
425,1963-06-27,1963-06-27,1963-06-27,1963-06-27,1978-12-10,"D","No"
426,1997-07-26,1997-07-26,1997-07-26,1997-07-26,2020-05-22,"D","Yes"
427,1953-07-20,1953-07-20,1953-07-20,1953-07-20,1976-07-03,"D","Yes"
428,1940-05-17,1940-05-17,1940-05-17,1940-05-17,1954-03-26,"D","No"
429,1950-01-15,1950-01-15,1950-01-15,1950-01-15,1968-05-13,"D","Yes"
430,1946-11-16,1946-11-16,1946-11-16,1946-11-16,1963-05-08,"D","No"
431,1980-05-16,1980-05-16,1980-05-16,1980-05-16,1989-01-29,"D","No"
432,2007-03-12,2007-03-12,2007-03-12,2007-03-12,2010-10-21,"D","No"
433,1964-11-16,1964-11-16,1964-11-16,1964-11-16,1978-01-12,"D","No"
434,1952-03-02,1952-03-02,1952-03-02,1952-03-02,1959-08-22,"D","No"
435,1997-04-22,1997-04-22,1997-04-22,1997-04-22,2019-09-01,"D","No"
436,1978-08-17,1978-08-17,1978-08-17,1978-08-17,2002-11-25,"D","No"
437,1945-10-13,1945-10-13,1945-10-13,1945-10-13,1949-12-19,"D","No"
438,1971-11-02,1971-11-02,1971-11-02,1971-11-02,1988-04-12,"D","No"
439,1967-02-01,1967-02-01,1967-02-01,1967-02-01,1987-07-28,"D","No"
440,1974-02-20,1974-02-20,1974-02-20,1974-02-20,1993-11-14,"D","No"
441,1999-05-22,1999-05-22,1999-05-22,1999-05-22,2014-11-21,"D","No"
442,1997-04-30,1997-04-30,1997-04-30,1997-04-30,2017-02-26,"D","No"
443,1980-09-18,1980-09-18,1980-09-18,1980-09-18,2005-03-05,"D","No"
444,2009-09-27,2009-09-27,2009-09-27,2009-09-27,2020-12-31,"C","No"
445,1983-09-16,1983-09-16,1983-09-16,1983-09-16,1991-03-15,"D","No"
446,1988-09-05,1988-09-05,1988-09-05,1988-09-05,2011-06-10,"D","Yes"
447,1995-04-14,1995-04-14,1995-04-14,1995-04-14,2010-12-18,"D","No"
448,2005-11-08,2005-11-08,2005-11-08,2005-11-08,2020-12-31,"C","No"
449,1995-12-10,1995-12-10,1995-12-10,1995-12-10,2007-05-18,"D","No"
450,1943-04-16,1943-04-16,1943-04-16,1943-04-16,1947-01-22,"D","No"
451,1956-10-07,1956-10-07,1956-10-07,1956-10-07,1966-11-01,"D","No"
452,1967-02-22,1967-02-22,1967-02-22,1967-02-22,1984-12-09,"D","No"
453,1986-06-13,1986-06-13,1986-06-13,1986-06-13,1986-11-08,"D","No"
454,1995-04-21,1995-04-21,1995-04-21,1995-04-21,2007-01-27,"D","No"
455,1942-05-01,1942-05-01,1942-05-01,1942-05-01,1942-08-13,"D","No"
456,1985-07-03,1985-07-03,1985-07-03,1985-07-03,1990-02-18,"D","No"
457,1962-03-15,1962-03-15,1962-03-15,1962-03-15,1978-01-11,"D","No"
458,2004-12-11,2004-12-11,2004-12-11,2004-12-11,2020-12-31,"C","No"
459,1971-01-08,1971-01-08,1971-01-08,1971-01-08,1986-09-10,"D","Yes"
460,1966-01-30,1966-01-30,1966-01-30,1966-01-30,1985-07-24,"D","No"
461,1955-06-21,1955-06-21,1955-06-21,1955-06-21,1969-12-31,"D","No"
462,1961-12-20,1961-12-20,1961-12-20,1961-12-20,1971-07-13,"D","No"
463,1977-05-27,1977-05-27,1977-05-27,1977-05-27,1996-04-13,"D","No"
464,1963-12-28,1963-12-28,1963-12-28,1963-12-28,1977-07-14,"D","No"
465,1980-11-11,1980-11-11,1980-11-11,1980-11-11,1998-04-29,"D","No"
466,1951-04-18,1951-04-18,1951-04-18,1951-04-18,1962-10-17,"D","No"
467,1990-05-09,1990-05-09,1990-05-09,1990-05-09,2009-01-19,"D","No"
468,1959-07-11,1959-07-11,1959-07-11,1959-07-11,1959-09-08,"D","No"
469,1965-11-06,1965-11-06,1965-11-06,1965-11-06,1966-08-05,"D","No"
470,2000-03-04,2000-03-04,2000-03-04,2000-03-04,2001-06-17,"D","No"
471,1980-06-21,1980-06-21,1980-06-21,1980-06-21,2001-12-25,"D","No"
472,1994-04-20,1994-04-20,1994-04-20,1994-04-20,2008-02-15,"D","No"
473,1973-12-04,1973-12-04,1973-12-04,1973-12-04,1987-10-26,"D","No"
474,1971-10-26,1971-10-26,1971-10-26,1971-10-26,1984-11-22,"D","No"
475,1986-11-17,1986-11-17,1986-11-17,1986-11-17,2007-08-31,"D","No"
476,1980-09-27,1980-09-27,1980-09-27,1980-09-27,1983-07-25,"D","No"
477,1977-11-17,1977-11-17,1977-11-17,1977-11-17,1980-07-27,"D","No"
478,1944-06-01,1944-06-01,1944-06-01,1944-06-01,1947-06-04,"D","No"
479,2002-05-07,2002-05-07,2002-05-07,2002-05-07,2020-12-31,"C","Yes"
480,1953-07-30,1953-07-30,1953-07-30,1953-07-30,1970-07-09,"D","No"
481,1991-05-25,1991-05-25,1991-05-25,1991-05-25,2007-08-30,"D","No"
482,1975-12-12,1975-12-12,1975-12-12,1975-12-12,1992-12-09,"D","No"
483,1999-10-09,1999-10-09,1999-10-09,1999-10-09,2020-12-31,"C","No"
484,1999-04-20,1999-04-20,1999-04-20,1999-04-20,2020-12-31,"C","Yes"
485,1962-03-16,1962-03-16,1962-03-16,1962-03-16,1972-05-28,"D","No"
486,1942-05-22,1942-05-22,1942-05-22,1942-05-22,1942-06-04,"D","No"
487,1992-04-27,1992-04-27,1992-04-27,1992-04-27,2011-02-03,"D","No"
488,1959-05-13,1959-05-13,1959-05-13,1959-05-13,1978-10-24,"D","No"
489,1970-02-23,1970-02-23,1970-02-23,1970-02-23,1986-11-27,"D","No"
490,1961-08-20,1961-08-20,1961-08-20,1961-08-20,1980-05-07,"D","No"
491,1968-05-21,1968-05-21,1968-05-21,1968-05-21,1974-10-01,"D","No"
492,1950-09-12,1950-09-12,1950-09-12,1950-09-12,1970-05-12,"D","No"
493,1999-08-22,1999-08-22,1999-08-22,1999-08-22,2019-09-06,"D","No"
494,1966-02-21,1966-02-21,1966-02-21,1966-02-21,1985-10-29,"D","No"
495,2009-03-17,2009-03-17,2009-03-17,2009-03-17,2009-04-13,"D","No"
496,1957-11-14,1957-11-14,1957-11-14,1957-11-14,1973-04-19,"D","No"
497,1963-06-06,1963-06-06,1963-06-06,1963-06-06,1963-06-17,"D","No"
498,1957-09-09,1957-09-09,1957-09-09,1957-09-09,1978-09-02,"D","No"
499,1976-07-11,1976-07-11,1976-07-11,1976-07-11,1977-09-08,"D","No"
500,2007-07-14,2007-07-14,2007-07-14,2007-07-14,2020-12-31,"C","No"
501,1947-03-11,1947-03-11,1947-03-11,1947-03-11,1956-03-17,"D","No"
502,1987-04-13,1987-04-13,1987-04-13,1987-04-13,2005-02-21,"D","No"
503,1949-09-17,1949-09-17,1949-09-17,1949-09-17,1966-07-10,"D","No"
504,1944-09-20,1944-09-20,1944-09-20,1944-09-20,1945-07-18,"D","No"
505,1968-10-06,1968-10-06,1968-10-06,1968-10-06,1981-01-28,"D","Yes"
506,1999-02-28,1999-02-28,1999-02-28,1999-02-28,2008-12-14,"D","No"
507,1970-10-06,1970-10-06,1970-10-06,1970-10-06,1985-07-09,"D","No"
508,2007-01-07,2007-01-07,2007-01-07,2007-01-07,2020-12-31,"C","No"
509,1963-05-02,1963-05-02,1963-05-02,1963-05-02,1982-08-31,"D","No"
510,1994-06-05,1994-06-05,1994-06-05,1994-06-05,2009-12-13,"D","No"
511,2006-07-31,2006-07-31,2006-07-31,2006-07-31,2020-09-13,"D","Yes"
512,2007-04-27,2007-04-27,2007-04-27,2007-04-27,2020-12-31,"C","No"
513,1946-08-06,1946-08-06,1946-08-06,1946-08-06,1949-10-03,"D","No"
514,2003-02-14,2003-02-14,2003-02-14,2003-02-14,2003-05-12,"D","No"
515,1948-02-11,1948-02-11,1948-02-11,1948-02-11,1958-09-06,"D","No"
516,2002-10-18,2002-10-18,2002-10-18,2002-10-18,2015-05-06,"D","No"
517,1967-02-24,1967-02-24,1967-02-24,1967-02-24,1980-01-23,"D","No"
518,1946-07-22,1946-07-22,1946-07-22,1946-07-22,1971-04-15,"D","No"
519,1989-05-05,1989-05-05,1989-05-05,1989-05-05,1990-06-20,"D","No"
520,1972-06-13,1972-06-13,1972-06-13,1972-06-13,1988-05-01,"D","No"
521,1960-12-11,1960-12-11,1960-12-11,1960-12-11,1977-12-27,"D","No"
522,2008-10-25,2008-10-25,2008-10-25,2008-10-25,2020-12-31,"C","No"
523,1970-04-13,1970-04-13,1970-04-13,1970-04-13,1973-09-14,"D","No"
524,1961-02-14,1961-02-14,1961-02-14,1961-02-14,1973-11-09,"D","No"
525,1945-10-19,1945-10-19,1945-10-19,1945-10-19,1946-07-21,"D","No"
526,1999-02-11,1999-02-11,1999-02-11,1999-02-11,2014-09-14,"D","No"
527,1943-01-22,1943-01-22,1943-01-22,1943-01-22,1944-01-17,"D","No"
528,1977-10-03,1977-10-03,1977-10-03,1977-10-03,1977-11-16,"D","No"
529,1969-09-03,1969-09-03,1969-09-03,1969-09-03,1984-08-28,"D","No"
530,1994-07-27,1994-07-27,1994-07-27,1994-07-27,2000-09-11,"D","No"
531,1957-01-15,1957-01-15,1957-01-15,1957-01-15,1977-02-23,"D","No"
532,1966-06-14,1966-06-14,1966-06-14,1966-06-14,1986-03-12,"D","No"
533,1983-04-13,1983-04-13,1983-04-13,1983-04-13,1983-04-23,"D","No"
534,1988-07-21,1988-07-21,1988-07-21,1988-07-21,2003-07-14,"D","No"
535,1944-06-02,1944-06-02,1944-06-02,1944-06-02,1960-02-16,"D","No"
536,1989-01-28,1989-01-28,1989-01-28,1989-01-28,1989-10-20,"D","No"
537,1967-06-12,1967-06-12,1967-06-12,1967-06-12,1982-04-20,"D","No"
538,1995-12-16,1995-12-16,1995-12-16,1995-12-16,1996-10-08,"D","No"
539,1954-11-04,1954-11-04,1954-11-04,1954-11-04,1955-01-21,"D","No"
540,1950-08-13,1950-08-13,1950-08-13,1950-08-13,1973-11-09,"D","No"
541,1941-03-03,1941-03-03,1941-03-03,1941-03-03,1963-11-11,"D","No"
542,2006-08-09,2006-08-09,2006-08-09,2006-08-09,2020-12-25,"D","No"
543,1963-10-27,1963-10-27,1963-10-27,1963-10-27,1975-05-10,"D","No"
544,1968-06-21,1968-06-21,1968-06-21,1968-06-21,1986-08-17,"D","No"
545,1941-12-19,1941-12-19,1941-12-19,1941-12-19,1943-08-06,"D","No"
546,1985-09-12,1985-09-12,1985-09-12,1985-09-12,2004-06-18,"D","No"
547,1940-05-22,1940-05-22,1940-05-22,1940-05-22,1962-09-26,"D","No"
548,1975-09-13,1975-09-13,1975-09-13,1975-09-13,1976-08-17,"D","No"
549,1945-03-05,1945-03-05,1945-03-05,1945-03-05,1951-08-29,"D","No"
550,1945-08-07,1945-08-07,1945-08-07,1945-08-07,1957-02-12,"D","No"
